Forge Auto Renaming Tool v2.0.4
lib: /home/ciborg/MCreatorWorkspaces/noir/build/moddev/artifacts/forge-1.20.1-47.4.13.jar
lib: /home/ciborg/.mcreator/gradle/caches/modules-2/files-2.1/io.github.llamalad7/mixinextras-common/0.5.0/286da96036621082491d971dfc62bee8fc37d161/mixinextras-common-0.5.0.jar
lib: /home/ciborg/.mcreator/gradle/caches/modules-2/files-2.1/io.github.llamalad7/mixinextras-forge/0.5.0/cebe4d98a42a4a32ebf0ddec7b93d5bdbdad009/mixinextras-forge-0.5.0.jar
lib: /home/ciborg/.mcreator/gradle/caches/9.2.0/transforms/5d2ba06fc51221e47f3c39ae953102cc/transformed/photon-871522-7381162.jar
lib: /home/ciborg/.mcreator/gradle/caches/9.2.0/transforms/1f2b8743374579fdfc297d4a8be65133/transformed/ldlib-626676-7412415.jar
lib: /home/ciborg/.mcreator/gradle/caches/modules-2/files-2.1/cpw.mods/securejarhandler/2.1.10/51e6a22c6c716beb11e244bf5b8be480f51dd6b5/securejarhandler-2.1.10.jar
lib: /home/ciborg/.mcreator/gradle/caches/modules-2/files-2.1/net.minecraftforge/fmlloader/1.20.1-47.4.13/b27b57b2f641bfe6ecdaf206ee54880d26bb9c10/fmlloader-1.20.1-47.4.13.jar
lib: /home/ciborg/.mcreator/gradle/caches/modules-2/files-2.1/net.minecraftforge/coremods/5.2.4/e30bab269d896613e38396274711410b3a0e4b87/coremods-5.2.4.jar
lib: /home/ciborg/.mcreator/gradle/caches/modules-2/files-2.1/cpw.mods/modlauncher/10.0.9/6d9443f56f50bb85cea383686ff9c867391458b/modlauncher-10.0.9.jar
lib: /home/ciborg/.mcreator/gradle/caches/modules-2/files-2.1/org.openjdk.nashorn/nashorn-core/15.4/f67f5ffaa5f5130cf6fb9b133da00c7df3b532a5/nashorn-core-15.4.jar
lib: /home/ciborg/.mcreator/gradle/caches/modules-2/files-2.1/org.ow2.asm/asm-commons/9.8/36e4d212970388e5bd2c5180292012502df461bb/asm-commons-9.8.jar
lib: /home/ciborg/.mcreator/gradle/caches/modules-2/files-2.1/org.ow2.asm/asm-util/9.8/395f1c1f035258511f27bc9b2583d76e4b143f59/asm-util-9.8.jar
lib: /home/ciborg/.mcreator/gradle/caches/modules-2/files-2.1/org.ow2.asm/asm-analysis/9.8/b9747a320844b6cb1eacd90d8ecfd260a16c01d3/asm-analysis-9.8.jar
lib: /home/ciborg/.mcreator/gradle/caches/modules-2/files-2.1/org.ow2.asm/asm-tree/9.8/18419ca5b77a2f81097c741e7872e6ab8d2f40d/asm-tree-9.8.jar
lib: /home/ciborg/.mcreator/gradle/caches/modules-2/files-2.1/org.ow2.asm/asm/9.8/dc19ecb3f7889b7860697215cae99c0f9b6f6b4b/asm-9.8.jar
lib: /home/ciborg/.mcreator/gradle/caches/modules-2/files-2.1/net.minecraftforge/accesstransformers/8.0.4/272d240aa73f42195b2a68e2ebd8b701ecf41f63/accesstransformers-8.0.4.jar
lib: /home/ciborg/.mcreator/gradle/caches/modules-2/files-2.1/org.antlr/antlr4/4.9.1/e92af8ab33e428461927b484e90bb155a4f3a052/antlr4-4.9.1.jar
lib: /home/ciborg/.mcreator/gradle/caches/modules-2/files-2.1/org.antlr/antlr4-runtime/4.9.1/428664f05d2b7f7b7610204b5aa7c1763f62011a/antlr4-runtime-4.9.1.jar
lib: /home/ciborg/.mcreator/gradle/caches/modules-2/files-2.1/net.minecraftforge/fmlcore/1.20.1-47.4.13/f77e3021d1eb31d61f8d1b92d18ed4fb3c2806e5/fmlcore-1.20.1-47.4.13.jar
lib: /home/ciborg/.mcreator/gradle/caches/modules-2/files-2.1/net.minecraftforge/eventbus/6.0.5/699143dd438431d06b57416944f7cedbe52e1475/eventbus-6.0.5.jar
lib: /home/ciborg/.mcreator/gradle/caches/modules-2/files-2.1/net.minecraftforge/forgespi/7.0.1/3b4972a0cdb135853dba219be61a79b22cff1309/forgespi-7.0.1.jar
lib: /home/ciborg/.mcreator/gradle/caches/modules-2/files-2.1/net.minecraftforge/unsafe/0.2.0/54d7a0a5e8fdb71b973025caa46f341ae5904f39/unsafe-0.2.0.jar
lib: /home/ciborg/.mcreator/gradle/caches/modules-2/files-2.1/net.minecraftforge/mergetool/1.1.7/fe2225c1a7834ee20d5a1e2630bcca798367d962/mergetool-1.1.7.jar
lib: /home/ciborg/.mcreator/gradle/caches/modules-2/files-2.1/net.minecraftforge/mergetool/1.1.7/aa7c6d9d187d585a8a215c288d65b0038be80b2a/mergetool-1.1.7-api.jar
lib: /home/ciborg/.mcreator/gradle/caches/modules-2/files-2.1/com.electronwill.night-config/toml/3.6.4/51d6cefb2b55ee55ee26b16391212fb2c7dfb4f4/toml-3.6.4.jar
lib: /home/ciborg/.mcreator/gradle/caches/modules-2/files-2.1/com.electronwill.night-config/core/3.6.4/510f174abbf1c947494db50ef2445683bd52c230/core-3.6.4.jar
lib: /home/ciborg/.mcreator/gradle/caches/modules-2/files-2.1/net.minecraftforge/JarJarSelector/0.3.19/376cc9c8ea60720cf027c01fc033de915699801c/JarJarSelector-0.3.19.jar
lib: /home/ciborg/.mcreator/gradle/caches/modules-2/files-2.1/net.minecraftforge/JarJarMetadata/0.3.19/83feaa9b770e6ac0e96ee4fc23fa89325c5fe2/JarJarMetadata-0.3.19.jar
lib: /home/ciborg/.mcreator/gradle/caches/modules-2/files-2.1/org.apache.maven/maven-artifact/3.8.5/4433f50c07debefaed0553bd0068f4f48d449313/maven-artifact-3.8.5.jar
lib: /home/ciborg/.mcreator/gradle/caches/modules-2/files-2.1/net.jodah/typetools/0.6.3/a01aaa6ddaea9ec07ec4f209487b7a46a526283a/typetools-0.6.3.jar
lib: /home/ciborg/.mcreator/gradle/caches/modules-2/files-2.1/net.minecrell/terminalconsoleappender/1.2.0/96d02cd3b384ff015a8fef4223bcb4ccf1717c95/terminalconsoleappender-1.2.0.jar
lib: /home/ciborg/.mcreator/gradle/caches/modules-2/files-2.1/org.jline/jline-reader/3.12.1/4382ab1382c7b6f379377ed5f665dc2f6e1218bc/jline-reader-3.12.1.jar
lib: /home/ciborg/.mcreator/gradle/caches/modules-2/files-2.1/org.jline/jline-terminal/3.12.1/c777448314e050d980a6b697c140f3bfe9eb7416/jline-terminal-3.12.1.jar
lib: /home/ciborg/.mcreator/gradle/caches/modules-2/files-2.1/org.spongepowered/mixin/0.8.5/9d1c0c3a304ae6697ecd477218fa61b850bf57fc/mixin-0.8.5.jar
lib: /home/ciborg/.mcreator/gradle/caches/modules-2/files-2.1/cpw.mods/bootstraplauncher/1.1.2/c546e00443d8432cda6baa1c860346980742628/bootstraplauncher-1.1.2.jar
lib: /home/ciborg/.mcreator/gradle/caches/modules-2/files-2.1/net.minecraftforge/JarJarFileSystems/0.3.19/2464eb7d6b9ddb9db36a82cf8a95193e5c6fe020/JarJarFileSystems-0.3.19.jar
lib: /home/ciborg/.mcreator/gradle/caches/modules-2/files-2.1/net.minecraftforge/fmlearlydisplay/1.20.1-47.4.13/ba7b07fcea003721c5cdbaa0f2d10d43db11daab/fmlearlydisplay-1.20.1-47.4.13.jar
lib: /home/ciborg/.mcreator/gradle/caches/modules-2/files-2.1/net.minecraftforge/javafmllanguage/1.20.1-47.4.13/cf01e2179f72bd2829c65f5226d7dd0cfb6c686/javafmllanguage-1.20.1-47.4.13.jar
lib: /home/ciborg/.mcreator/gradle/caches/modules-2/files-2.1/net.minecraftforge/lowcodelanguage/1.20.1-47.4.13/e3f96129ea14eba84316f2d69816253e228e6e4c/lowcodelanguage-1.20.1-47.4.13.jar
lib: /home/ciborg/.mcreator/gradle/caches/modules-2/files-2.1/net.minecraftforge/mclanguage/1.20.1-47.4.13/85796906112d9b621a7b2996f8bfda49da991ef0/mclanguage-1.20.1-47.4.13.jar
lib: /home/ciborg/.mcreator/gradle/caches/modules-2/files-2.1/org.codehaus.plexus/plexus-utils/3.3.0/cf43b5391de623b36fe066a21127baef82c64022/plexus-utils-3.3.0.jar
lib: /home/ciborg/.mcreator/gradle/caches/modules-2/files-2.1/org.apache.commons/commons-lang3/3.12.0/c6842c86792ff03b9f1d1fe2aab8dc23aa6c6f0e/commons-lang3-3.12.0.jar
lib: /home/ciborg/.mcreator/gradle/caches/modules-2/files-2.1/org.apache.logging.log4j/log4j-core/2.8.1/4ac28ff2f1ddf05dae3043a190451e8c46b73c31/log4j-core-2.8.1.jar
lib: /home/ciborg/.mcreator/gradle/caches/modules-2/files-2.1/com.google.code.gson/gson/2.10/dd9b193aef96e973d5a11ab13cd17430c2e4306b/gson-2.10.jar
lib: /home/ciborg/.mcreator/gradle/caches/modules-2/files-2.1/com.google.guava/guava/31.1-jre/60458f877d055d0c9114d9e1a2efb737b4bc282c/guava-31.1-jre.jar
lib: /home/ciborg/.mcreator/gradle/caches/modules-2/files-2.1/com.machinezoo.noexception/noexception/1.7.1/b65330c98e38a1f915fa54a6e5eca496505e3f0a/noexception-1.7.1.jar
lib: /home/ciborg/.mcreator/gradle/caches/modules-2/files-2.1/org.slf4j/slf4j-api/1.8.0-beta4/83b0359d847ee053d745be7ec0d8e9e8a44304b4/slf4j-api-1.8.0-beta4.jar
lib: /home/ciborg/.mcreator/gradle/caches/modules-2/files-2.1/org.apache.logging.log4j/log4j-api/2.19.0/ea1b37f38c327596b216542bc636cfdc0b8036fa/log4j-api-2.19.0.jar
lib: /home/ciborg/.mcreator/gradle/caches/modules-2/files-2.1/com.mojang/logging/1.1.1/832b8e6674a9b325a5175a3a6267dfaf34c85139/logging-1.1.1.jar
lib: /home/ciborg/.mcreator/gradle/caches/modules-2/files-2.1/com.google.code.findbugs/jsr305/3.0.2/25ea2e8b0c338a877313bd4672d3fe056ea78f0d/jsr305-3.0.2.jar
lib: /home/ciborg/.mcreator/gradle/caches/modules-2/files-2.1/ca.weblite/java-objc-bridge/1.1/1227f9e0666314f9de41477e3ec277e542ed7f7b/java-objc-bridge-1.1.jar
lib: /home/ciborg/.mcreator/gradle/caches/modules-2/files-2.1/org.jetbrains/annotations/24.0.1/13c5c75c4206580aa4d683bffee658caae6c9f43/annotations-24.0.1.jar
lib: /home/ciborg/.mcreator/gradle/caches/modules-2/files-2.1/com.github.oshi/oshi-core/6.2.2/54f5efc19bca95d709d9a37d19ffcbba3d21c1a6/oshi-core-6.2.2.jar
lib: /home/ciborg/.mcreator/gradle/caches/modules-2/files-2.1/com.google.guava/failureaccess/1.0.1/1dcf1de382a0bf95a3d8b0849546c88bac1292c9/failureaccess-1.0.1.jar
lib: /home/ciborg/.mcreator/gradle/caches/modules-2/files-2.1/com.ibm.icu/icu4j/61.1/28d33b5e44e72edcc66a5da7a34a42147f38d987/icu4j-61.1.jar
lib: /home/ciborg/.mcreator/gradle/caches/modules-2/files-2.1/com.mojang/authlib/4.0.43/2ff9d747a77570a07a60d32ac77eb6162ad2a2d9/authlib-4.0.43.jar
lib: /home/ciborg/.mcreator/gradle/caches/modules-2/files-2.1/com.mojang/blocklist/1.0.10/5c685c5ffa94c4cd39496c7184c1d122e515ecef/blocklist-1.0.10.jar
lib: /home/ciborg/.mcreator/gradle/caches/modules-2/files-2.1/com.mojang/brigadier/1.1.8/5244ce82c3337bba4a196a3ce858bfaecc74404a/brigadier-1.1.8.jar
lib: /home/ciborg/.mcreator/gradle/caches/modules-2/files-2.1/com.mojang/datafixerupper/6.0.8/3ba4a30557a9b057760af4011f909ba619fc5125/datafixerupper-6.0.8.jar
lib: /home/ciborg/.mcreator/gradle/caches/modules-2/files-2.1/com.mojang/patchy/2.2.10/da05971b07cbb379d002cf7eaec6a2048211fefc/patchy-2.2.10.jar
lib: /home/ciborg/.mcreator/gradle/caches/modules-2/files-2.1/com.mojang/text2speech/1.17.9/3cad216e3a7f0c19b4b394388bc9ffc446f13b14/text2speech-1.17.9.jar
lib: /home/ciborg/.mcreator/gradle/caches/modules-2/files-2.1/commons-codec/commons-codec/1.15/49d94806b6e3dc933dacbd8acb0fdbab8ebd1e5d/commons-codec-1.15.jar
lib: /home/ciborg/.mcreator/gradle/caches/modules-2/files-2.1/commons-io/commons-io/2.11.0/a2503f302b11ebde7ebc3df41daebe0e4eea3689/commons-io-2.11.0.jar
lib: /home/ciborg/.mcreator/gradle/caches/modules-2/files-2.1/commons-logging/commons-logging/1.2/4bfc12adfe4842bf07b657f0369c4cb522955686/commons-logging-1.2.jar
lib: /home/ciborg/.mcreator/gradle/caches/modules-2/files-2.1/io.netty/netty-buffer/4.1.82.Final/a544270cf1ae8b8077082f5036436a9a9971ea71/netty-buffer-4.1.82.Final.jar
lib: /home/ciborg/.mcreator/gradle/caches/modules-2/files-2.1/io.netty/netty-codec/4.1.82.Final/b77200379acb345a9ffdece1c605e591ac3e4e0a/netty-codec-4.1.82.Final.jar
lib: /home/ciborg/.mcreator/gradle/caches/modules-2/files-2.1/io.netty/netty-common/4.1.82.Final/22d148e85c3f5ebdacc0ce1f5aabb1d420f73f3/netty-common-4.1.82.Final.jar
lib: /home/ciborg/.mcreator/gradle/caches/modules-2/files-2.1/io.netty/netty-handler/4.1.82.Final/644041d1fa96a5d3130a29e8978630d716d76e38/netty-handler-4.1.82.Final.jar
lib: /home/ciborg/.mcreator/gradle/caches/modules-2/files-2.1/io.netty/netty-resolver/4.1.82.Final/38f665ae8dcd29032eea31245ba7806bed2e0fa8/netty-resolver-4.1.82.Final.jar
lib: /home/ciborg/.mcreator/gradle/caches/modules-2/files-2.1/io.netty/netty-transport-classes-epoll/4.1.82.Final/e7c7dd18deac93105797f30057c912651ea76521/netty-transport-classes-epoll-4.1.82.Final.jar
lib: /home/ciborg/.mcreator/gradle/caches/modules-2/files-2.1/io.netty/netty-transport-native-unix-common/4.1.82.Final/3e895b35ca1b8a0eca56cacff4c2dde5d2c6abce/netty-transport-native-unix-common-4.1.82.Final.jar
lib: /home/ciborg/.mcreator/gradle/caches/modules-2/files-2.1/io.netty/netty-transport/4.1.82.Final/e431a218d91acb6476ccad5f5aafde50aa3945ca/netty-transport-4.1.82.Final.jar
lib: /home/ciborg/.mcreator/gradle/caches/modules-2/files-2.1/it.unimi.dsi/fastutil/8.5.9/bb7ea75ecdb216654237830b3a96d87ad91f8cc5/fastutil-8.5.9.jar
lib: /home/ciborg/.mcreator/gradle/caches/modules-2/files-2.1/net.java.dev.jna/jna-platform/5.12.1/97406a297c852f4a41e688a176ec675f72e8329/jna-platform-5.12.1.jar
lib: /home/ciborg/.mcreator/gradle/caches/modules-2/files-2.1/net.java.dev.jna/jna/5.10.0/7cf4c87dd802db50721db66947aa237d7ad09418/jna-5.10.0.jar
lib: /home/ciborg/.mcreator/gradle/caches/modules-2/files-2.1/net.sf.jopt-simple/jopt-simple/5.0.4/4fdac2fbe92dfad86aa6e9301736f6b4342a3f5c/jopt-simple-5.0.4.jar
lib: /home/ciborg/.mcreator/gradle/caches/modules-2/files-2.1/org.apache.commons/commons-compress/1.21/4ec95b60d4e86b5c95a0e919cb172a0af98011ef/commons-compress-1.21.jar
lib: /home/ciborg/.mcreator/gradle/caches/modules-2/files-2.1/org.apache.httpcomponents/httpclient/4.5.13/e5f6cae5ca7ecaac1ec2827a9e2d65ae2869cada/httpclient-4.5.13.jar
lib: /home/ciborg/.mcreator/gradle/caches/modules-2/files-2.1/org.apache.httpcomponents/httpcore/4.4.15/7f2e0c573eaa7a74bac2e89b359e1f73d92a0a1d/httpcore-4.4.15.jar
lib: /home/ciborg/.mcreator/gradle/caches/modules-2/files-2.1/org.apache.logging.log4j/log4j-slf4j2-impl/2.19.0/5c04bfdd63ce9dceb2e284b81e96b6a70010ee10/log4j-slf4j2-impl-2.19.0.jar
lib: /home/ciborg/.mcreator/gradle/caches/modules-2/files-2.1/org.joml/joml/1.10.5/22566d58af70ad3d72308bab63b8339906deb649/joml-1.10.5.jar
lib: /home/ciborg/.mcreator/gradle/caches/modules-2/files-2.1/org.lwjgl/lwjgl-glfw/3.3.1/cbac1b8d30cb4795149c1ef540f912671a8616d0/lwjgl-glfw-3.3.1.jar
lib: /home/ciborg/.mcreator/gradle/caches/modules-2/files-2.1/org.lwjgl/lwjgl-jemalloc/3.3.1/a817bcf213db49f710603677457567c37d53e103/lwjgl-jemalloc-3.3.1.jar
lib: /home/ciborg/.mcreator/gradle/caches/modules-2/files-2.1/org.lwjgl/lwjgl-openal/3.3.1/2623a6b8ae1dfcd880738656a9f0243d2e6840bd/lwjgl-openal-3.3.1.jar
lib: /home/ciborg/.mcreator/gradle/caches/modules-2/files-2.1/org.lwjgl/lwjgl-opengl/3.3.1/831a5533a21a5f4f81bbc51bb13e9899319b5411/lwjgl-opengl-3.3.1.jar
lib: /home/ciborg/.mcreator/gradle/caches/modules-2/files-2.1/org.lwjgl/lwjgl-stb/3.3.1/b119297cf8ed01f247abe8685857f8e7fcf5980f/lwjgl-stb-3.3.1.jar
lib: /home/ciborg/.mcreator/gradle/caches/modules-2/files-2.1/org.lwjgl/lwjgl-tinyfd/3.3.1/ff1914111ef2e3e0110ef2dabc8d8cdaad82347/lwjgl-tinyfd-3.3.1.jar
lib: /home/ciborg/.mcreator/gradle/caches/modules-2/files-2.1/org.lwjgl/lwjgl/3.3.1/ae58664f88e18a9bb2c77b063833ca7aaec484cb/lwjgl-3.3.1.jar
lib: /home/ciborg/.mcreator/gradle/caches/modules-2/files-2.1/org.antlr/ST4/4.3/92f2c1ad8d84abcbeead6cf7f2c53a04166293c2/ST4-4.3.jar
lib: /home/ciborg/.mcreator/gradle/caches/modules-2/files-2.1/org.antlr/antlr-runtime/3.5.2/cd9cd41361c155f3af0f653009dcecb08d8b4afd/antlr-runtime-3.5.2.jar
lib: /home/ciborg/.mcreator/gradle/caches/modules-2/files-2.1/org.abego.treelayout/org.abego.treelayout.core/1.0.3/457216e8e6578099ae63667bb1e4439235892028/org.abego.treelayout.core-1.0.3.jar
lib: /home/ciborg/.mcreator/gradle/caches/modules-2/files-2.1/org.glassfish/javax.json/1.0.4/3178f73569fd7a1e5ffc464e680f7a8cc784b85a/javax.json-1.0.4.jar
lib: /home/ciborg/.mcreator/gradle/caches/modules-2/files-2.1/com.google.guava/listenablefuture/9999.0-empty-to-avoid-conflict-with-guava/b421526c5f297295adef1c886e5246c39d4ac629/listenablefuture-9999.0-empty-to-avoid-conflict-with-guava.jar
lib: /home/ciborg/.mcreator/gradle/caches/modules-2/files-2.1/org.checkerframework/checker-qual/3.12.0/d5692f0526415fcc6de94bb5bfbd3afd9dd3b3e5/checker-qual-3.12.0.jar
lib: /home/ciborg/.mcreator/gradle/caches/modules-2/files-2.1/com.google.errorprone/error_prone_annotations/2.11.0/c5a0ace696d3f8b1c1d8cc036d8c03cc0cbe6b69/error_prone_annotations-2.11.0.jar
lib: /home/ciborg/.mcreator/gradle/caches/modules-2/files-2.1/com.google.j2objc/j2objc-annotations/1.3/ba035118bc8bac37d7eff77700720999acd9986d/j2objc-annotations-1.3.jar
log: null
input: /home/ciborg/MCreatorWorkspaces/noir/build/devlibs/modid-1.0.jar
output: /home/ciborg/MCreatorWorkspaces/noir/build/libs/modid-1.0.jar
threads: 12
Names: /home/ciborg/MCreatorWorkspaces/noir/build/moddev/artifacts/namedToIntermediate.tsrg(reversed: false)
Fix Annotations: false
Unfinal Parameters: false
Fix Records: false
Fix Identifiers: false
Fix SourceFile: false
Fix Line Numbers: false
Strip codesigning signatures: ALL
Adding Libraries to Inheritance
Reading Input: /home/ciborg/MCreatorWorkspaces/noir/build/devlibs/modid-1.0.jar
Adding input to inheritance map
Processing entries
Conflicting propagated mapping for net/mcreator/noirsmp/client/model/ModelBotas_Etereas_Model/setupAnim(Lnet/minecraft/world/entity/Entity;FFFFF)V from net/minecraft/client/model/EntityModel/setupAnim(Lnet/minecraft/world/entity/Entity;FFFFF)V: setupAnim -> m_6973_
Conflicting propagated mapping for net/mcreator/noirsmp/client/model/ModelBotas_Etereas_Model/renderToBuffer(Lcom/mojang/blaze3d/vertex/PoseStack;Lcom/mojang/blaze3d/vertex/VertexConsumer;IIFFFF)V from net/minecraft/client/model/Model/renderToBuffer(Lcom/mojang/blaze3d/vertex/PoseStack;Lcom/mojang/blaze3d/vertex/VertexConsumer;IIFFFF)V: renderToBuffer -> m_7695_
Conflicting propagated mapping for net/mcreator/noirsmp/client/model/ModelGarrafa/setupAnim(Lnet/minecraft/world/entity/Entity;FFFFF)V from net/minecraft/client/model/EntityModel/setupAnim(Lnet/minecraft/world/entity/Entity;FFFFF)V: setupAnim -> m_6973_
Conflicting propagated mapping for net/mcreator/noirsmp/client/particle/SangueParticle$SangueParticleProvider/createParticle(Lnet/minecraft/core/particles/ParticleOptions;Lnet/minecraft/client/multiplayer/ClientLevel;DDDDDD)Lnet/minecraft/client/particle/Particle; from net/minecraft/client/particle/ParticleProvider/createParticle(Lnet/minecraft/core/particles/ParticleOptions;Lnet/minecraft/client/multiplayer/ClientLevel;DDDDDD)Lnet/minecraft/client/particle/Particle;: createParticle -> m_6966_
Conflicting propagated mapping for net/mcreator/noirsmp/client/model/Modelburaconegro/setupAnim(Lnet/minecraft/world/entity/Entity;FFFFF)V from net/minecraft/client/model/EntityModel/setupAnim(Lnet/minecraft/world/entity/Entity;FFFFF)V: setupAnim -> m_6973_
Conflicting propagated mapping for net/mcreator/noirsmp/client/model/Modelburaconegro/renderToBuffer(Lcom/mojang/blaze3d/vertex/PoseStack;Lcom/mojang/blaze3d/vertex/VertexConsumer;IIFFFF)V from net/minecraft/client/model/Model/renderToBuffer(Lcom/mojang/blaze3d/vertex/PoseStack;Lcom/mojang/blaze3d/vertex/VertexConsumer;IIFFFF)V: renderToBuffer -> m_7695_
Conflicting propagated mapping for net/mcreator/noirsmp/client/model/ModelTijoloProjetil/setupAnim(Lnet/minecraft/world/entity/Entity;FFFFF)V from net/minecraft/client/model/EntityModel/setupAnim(Lnet/minecraft/world/entity/Entity;FFFFF)V: setupAnim -> m_6973_
Conflicting propagated mapping for net/mcreator/noirsmp/client/model/ModelTijoloProjetil/renderToBuffer(Lcom/mojang/blaze3d/vertex/PoseStack;Lcom/mojang/blaze3d/vertex/VertexConsumer;IIFFFF)V from net/minecraft/client/model/Model/renderToBuffer(Lcom/mojang/blaze3d/vertex/PoseStack;Lcom/mojang/blaze3d/vertex/VertexConsumer;IIFFFF)V: renderToBuffer -> m_7695_
Conflicting propagated mapping for net/mcreator/noirsmp/client/renderer/BlackHoleOfCalamityRenderer$AnimatedModel$1/root()Lnet/minecraft/client/model/geom/ModelPart; from net/minecraft/client/model/HierarchicalModel/root()Lnet/minecraft/client/model/geom/ModelPart;: root -> m_142109_
Conflicting propagated mapping for net/mcreator/noirsmp/client/renderer/BlackHoleOfCalamityRenderer$AnimatedModel$1/setupAnim(Lnet/minecraft/world/entity/Entity;FFFFF)V from net/minecraft/client/model/EntityModel/setupAnim(Lnet/minecraft/world/entity/Entity;FFFFF)V: setupAnim -> m_6973_
Conflicting propagated mapping for net/mcreator/noirsmp/client/model/ModelGarrafa/renderToBuffer(Lcom/mojang/blaze3d/vertex/PoseStack;Lcom/mojang/blaze3d/vertex/VertexConsumer;IIFFFF)V from net/minecraft/client/model/Model/renderToBuffer(Lcom/mojang/blaze3d/vertex/PoseStack;Lcom/mojang/blaze3d/vertex/VertexConsumer;IIFFFF)V: renderToBuffer -> m_7695_
Conflicting propagated mapping for net/mcreator/noirsmp/client/renderer/BlackHoleOfCalamityRenderer$AnimatedModel/setupAnim(Lnet/minecraft/world/entity/Entity;FFFFF)V from net/mcreator/noirsmp/client/model/Modelburaconegro/setupAnim(Lnet/minecraft/world/entity/Entity;FFFFF)V: setupAnim -> m_6973_
Conflicting propagated mapping for net/mcreator/noirsmp/client/particle/SangueParticle/tick()V from net/minecraft/client/particle/Particle/tick()V: tick -> m_5989_
Conflicting propagated mapping for net/mcreator/noirsmp/client/renderer/BlackHoleOfCalamityRenderer/scale(Lnet/minecraft/world/entity/LivingEntity;Lcom/mojang/blaze3d/vertex/PoseStack;F)V from net/minecraft/client/renderer/entity/LivingEntityRenderer/scale(Lnet/minecraft/world/entity/LivingEntity;Lcom/mojang/blaze3d/vertex/PoseStack;F)V: scale -> m_7546_
Conflicting propagated mapping for net/mcreator/noirsmp/client/particle/SangueParticle/getRenderType()Lnet/minecraft/client/particle/ParticleRenderType; from net/minecraft/client/particle/Particle/getRenderType()Lnet/minecraft/client/particle/ParticleRenderType;: getRenderType -> m_7556_
Conflicting propagated mapping for net/mcreator/noirsmp/client/renderer/BlackHoleOfCalamityRenderer/getTextureLocation(Lnet/minecraft/world/entity/Entity;)Lnet/minecraft/resources/ResourceLocation; from net/minecraft/client/renderer/entity/EntityRenderer/getTextureLocation(Lnet/minecraft/world/entity/Entity;)Lnet/minecraft/resources/ResourceLocation;: getTextureLocation -> m_5478_
Conflicting propagated mapping for net/mcreator/noirsmp/client/gui/ESPADAGUIScreen/keyPressed(III)Z from net/minecraft/client/gui/screens/inventory/AbstractContainerScreen/keyPressed(III)Z: keyPressed -> m_7933_
Conflicting propagated mapping for net/mcreator/noirsmp/client/gui/ESPADAGUIScreen/render(Lnet/minecraft/client/gui/GuiGraphics;IIF)V from net/minecraft/client/gui/screens/inventory/AbstractContainerScreen/render(Lnet/minecraft/client/gui/GuiGraphics;IIF)V: render -> m_88315_
Conflicting propagated mapping for net/mcreator/noirsmp/client/gui/ESPADAGUIScreen/init()V from net/minecraft/client/gui/screens/inventory/AbstractContainerScreen/init()V: init -> m_7856_
Conflicting propagated mapping for net/mcreator/noirsmp/client/gui/ESPADAGUIScreen/renderLabels(Lnet/minecraft/client/gui/GuiGraphics;II)V from net/minecraft/client/gui/screens/inventory/AbstractContainerScreen/renderLabels(Lnet/minecraft/client/gui/GuiGraphics;II)V: renderLabels -> m_280003_
Conflicting propagated mapping for net/mcreator/noirsmp/client/gui/ESPADAGUIScreen/renderBg(Lnet/minecraft/client/gui/GuiGraphics;FII)V from net/minecraft/client/gui/screens/inventory/AbstractContainerScreen/renderBg(Lnet/minecraft/client/gui/GuiGraphics;FII)V: renderBg -> m_7286_
Conflicting propagated mapping for net/mcreator/noirsmp/world/inventory/ESPADAGUIMenu/moveItemStackTo(Lnet/minecraft/world/item/ItemStack;IIZ)Z from net/minecraft/world/inventory/AbstractContainerMenu/moveItemStackTo(Lnet/minecraft/world/item/ItemStack;IIZ)Z: moveItemStackTo -> m_38903_
Conflicting propagated mapping for net/mcreator/noirsmp/world/inventory/ESPADAGUIMenu/removed(Lnet/minecraft/world/entity/player/Player;)V from net/minecraft/world/inventory/AbstractContainerMenu/removed(Lnet/minecraft/world/entity/player/Player;)V: removed -> m_6877_
Conflicting propagated mapping for net/mcreator/noirsmp/world/inventory/ESPADAGUIMenu/stillValid(Lnet/minecraft/world/entity/player/Player;)Z from net/minecraft/world/inventory/AbstractContainerMenu/stillValid(Lnet/minecraft/world/entity/player/Player;)Z: stillValid -> m_6875_
Conflicting propagated mapping for net/mcreator/noirsmp/world/inventory/ESPADAGUIMenu/quickMoveStack(Lnet/minecraft/world/entity/player/Player;I)Lnet/minecraft/world/item/ItemStack; from net/minecraft/world/inventory/AbstractContainerMenu/quickMoveStack(Lnet/minecraft/world/entity/player/Player;I)Lnet/minecraft/world/item/ItemStack;: quickMoveStack -> m_7648_
Conflicting propagated mapping for net/mcreator/noirsmp/client/renderer/MolotovProjectileRenderer/render(Lnet/minecraft/world/entity/Entity;FFLcom/mojang/blaze3d/vertex/PoseStack;Lnet/minecraft/client/renderer/MultiBufferSource;I)V from net/minecraft/client/renderer/entity/EntityRenderer/render(Lnet/minecraft/world/entity/Entity;FFLcom/mojang/blaze3d/vertex/PoseStack;Lnet/minecraft/client/renderer/MultiBufferSource;I)V: render -> m_7392_
Conflicting propagated mapping for net/mcreator/noirsmp/client/renderer/MolotovProjectileRenderer/getTextureLocation(Lnet/minecraft/world/entity/Entity;)Lnet/minecraft/resources/ResourceLocation; from net/minecraft/client/renderer/entity/EntityRenderer/getTextureLocation(Lnet/minecraft/world/entity/Entity;)Lnet/minecraft/resources/ResourceLocation;: getTextureLocation -> m_5478_
Conflicting propagated mapping for net/mcreator/noirsmp/client/renderer/MiniBuracoNegroRenderer/render(Lnet/minecraft/world/entity/Entity;FFLcom/mojang/blaze3d/vertex/PoseStack;Lnet/minecraft/client/renderer/MultiBufferSource;I)V from net/minecraft/client/renderer/entity/EntityRenderer/render(Lnet/minecraft/world/entity/Entity;FFLcom/mojang/blaze3d/vertex/PoseStack;Lnet/minecraft/client/renderer/MultiBufferSource;I)V: render -> m_7392_
Conflicting propagated mapping for net/mcreator/noirsmp/client/renderer/MiniBuracoNegroRenderer/getTextureLocation(Lnet/minecraft/world/entity/Entity;)Lnet/minecraft/resources/ResourceLocation; from net/minecraft/client/renderer/entity/EntityRenderer/getTextureLocation(Lnet/minecraft/world/entity/Entity;)Lnet/minecraft/resources/ResourceLocation;: getTextureLocation -> m_5478_
Conflicting propagated mapping for net/minecraft/world/entity/LivingEntity/lambda$addAdditionalSaveData$3(Lnet/minecraft/nbt/CompoundTag;Lnet/minecraft/nbt/Tag;)V from net/minecraft/world/entity/player/Player/lambda$addAdditionalSaveData$3(Lnet/minecraft/nbt/CompoundTag;Lnet/minecraft/nbt/Tag;)V: lambda$addAdditionalSaveData$3 -> m_219754_
Conflicting propagated mapping for net/mcreator/noirsmp/client/renderer/TijoloProjectileRenderer/render(Lnet/minecraft/world/entity/Entity;FFLcom/mojang/blaze3d/vertex/PoseStack;Lnet/minecraft/client/renderer/MultiBufferSource;I)V from net/minecraft/client/renderer/entity/EntityRenderer/render(Lnet/minecraft/world/entity/Entity;FFLcom/mojang/blaze3d/vertex/PoseStack;Lnet/minecraft/client/renderer/MultiBufferSource;I)V: render -> m_7392_
Conflicting propagated mapping for net/mcreator/noirsmp/client/renderer/TijoloProjectileRenderer/getTextureLocation(Lnet/minecraft/world/entity/Entity;)Lnet/minecraft/resources/ResourceLocation; from net/minecraft/client/renderer/entity/EntityRenderer/getTextureLocation(Lnet/minecraft/world/entity/Entity;)Lnet/minecraft/resources/ResourceLocation;: getTextureLocation -> m_5478_
Conflicting propagated mapping for net/mcreator/noirsmp/entity/BlackHoleOfCalamityEntity/stopSeenByPlayer(Lnet/minecraft/server/level/ServerPlayer;)V from net/minecraft/world/entity/Entity/stopSeenByPlayer(Lnet/minecraft/server/level/ServerPlayer;)V: stopSeenByPlayer -> m_6452_
Conflicting propagated mapping for net/mcreator/noirsmp/entity/BlackHoleOfCalamityEntity/getDimensions(Lnet/minecraft/world/entity/Pose;)Lnet/minecraft/world/entity/EntityDimensions; from net/minecraft/world/entity/LivingEntity/getDimensions(Lnet/minecraft/world/entity/Pose;)Lnet/minecraft/world/entity/EntityDimensions;: getDimensions -> m_6972_
Conflicting propagated mapping for net/mcreator/noirsmp/entity/BlackHoleOfCalamityEntity/customServerAiStep()V from net/minecraft/world/entity/Mob/customServerAiStep()V: customServerAiStep -> m_8024_
Conflicting propagated mapping for net/mcreator/noirsmp/entity/BlackHoleOfCalamityEntity/tick()V from net/minecraft/world/entity/Mob/tick()V: tick -> m_8119_
Conflicting propagated mapping for net/mcreator/noirsmp/entity/BlackHoleOfCalamityEntity/checkFallDamage(DZLnet/minecraft/world/level/block/state/BlockState;Lnet/minecraft/core/BlockPos;)V from net/minecraft/world/entity/LivingEntity/checkFallDamage(DZLnet/minecraft/world/level/block/state/BlockState;Lnet/minecraft/core/BlockPos;)V: checkFallDamage -> m_7840_
Conflicting propagated mapping for net/mcreator/noirsmp/entity/BlackHoleOfCalamityEntity/getAddEntityPacket()Lnet/minecraft/network/protocol/Packet; from net/minecraft/world/entity/Entity/getAddEntityPacket()Lnet/minecraft/network/protocol/Packet;: getAddEntityPacket -> m_5654_
Conflicting propagated mapping for net/mcreator/noirsmp/entity/BlackHoleOfCalamityEntity/createNavigation(Lnet/minecraft/world/level/Level;)Lnet/minecraft/world/entity/ai/navigation/PathNavigation; from net/minecraft/world/entity/Mob/createNavigation(Lnet/minecraft/world/level/Level;)Lnet/minecraft/world/entity/ai/navigation/PathNavigation;: createNavigation -> m_6037_
Conflicting propagated mapping for net/mcreator/noirsmp/entity/BlackHoleOfCalamityEntity/ignoreExplosion()Z from net/minecraft/world/entity/Entity/ignoreExplosion()Z: ignoreExplosion -> m_6128_
Conflicting propagated mapping for net/mcreator/noirsmp/entity/BlackHoleOfCalamityEntity/getAmbientSound()Lnet/minecraft/sounds/SoundEvent; from net/minecraft/world/entity/Mob/getAmbientSound()Lnet/minecraft/sounds/SoundEvent;: getAmbientSound -> m_7515_
Conflicting propagated mapping for net/mcreator/noirsmp/entity/BlackHoleOfCalamityEntity/hurt(Lnet/minecraft/world/damagesource/DamageSource;F)Z from net/minecraft/world/entity/LivingEntity/hurt(Lnet/minecraft/world/damagesource/DamageSource;F)Z: hurt -> m_6469_
Conflicting propagated mapping for net/mcreator/noirsmp/entity/BlackHoleOfCalamityEntity/aiStep()V from net/minecraft/world/entity/monster/Monster/aiStep()V: aiStep -> m_8107_
Conflicting propagated mapping for net/mcreator/noirsmp/entity/BlackHoleOfCalamityEntity/getMobType()Lnet/minecraft/world/entity/MobType; from net/minecraft/world/entity/LivingEntity/getMobType()Lnet/minecraft/world/entity/MobType;: getMobType -> m_6336_
Conflicting propagated mapping for net/mcreator/noirsmp/entity/BlackHoleOfCalamityEntity/startSeenByPlayer(Lnet/minecraft/server/level/ServerPlayer;)V from net/minecraft/world/entity/Entity/startSeenByPlayer(Lnet/minecraft/server/level/ServerPlayer;)V: startSeenByPlayer -> m_6457_
Conflicting propagated mapping for net/mcreator/noirsmp/entity/BlackHoleOfCalamityEntity/causeFallDamage(FFLnet/minecraft/world/damagesource/DamageSource;)Z from net/minecraft/world/entity/LivingEntity/causeFallDamage(FFLnet/minecraft/world/damagesource/DamageSource;)Z: causeFallDamage -> m_142535_
Conflicting propagated mapping for net/mcreator/noirsmp/entity/BlackHoleOfCalamityEntity/canChangeDimensions()Z from net/minecraft/world/entity/LivingEntity/canChangeDimensions()Z: canChangeDimensions -> m_6072_
Conflicting propagated mapping for net/mcreator/noirsmp/entity/BlackHoleOfCalamityEntity/setNoGravity(Z)V from net/minecraft/world/entity/Entity/setNoGravity(Z)V: setNoGravity -> m_20242_
Conflicting propagated mapping for net/mcreator/noirsmp/entity/BlackHoleOfCalamityEntity/registerGoals()V from net/minecraft/world/entity/Mob/registerGoals()V: registerGoals -> m_8099_
Conflicting propagated mapping for net/mcreator/noirsmp/entity/BlackHoleOfCalamityEntity/removeWhenFarAway(D)Z from net/minecraft/world/entity/Mob/removeWhenFarAway(D)Z: removeWhenFarAway -> m_6785_
Conflicting propagated mapping for net/mcreator/noirsmp/entity/BlackHoleOfCalamityEntity/baseTick()V from net/minecraft/world/entity/Mob/baseTick()V: baseTick -> m_6075_
Conflicting propagated mapping for net/mcreator/noirsmp/entity/MolotovProjectileEntity/getPickupItem()Lnet/minecraft/world/item/ItemStack; from net/minecraft/world/entity/projectile/AbstractArrow/getPickupItem()Lnet/minecraft/world/item/ItemStack;: getPickupItem -> m_7941_
Conflicting propagated mapping for net/mcreator/noirsmp/entity/MolotovProjectileEntity/onHitEntity(Lnet/minecraft/world/phys/EntityHitResult;)V from net/minecraft/world/entity/projectile/AbstractArrow/onHitEntity(Lnet/minecraft/world/phys/EntityHitResult;)V: onHitEntity -> m_5790_
Conflicting propagated mapping for net/mcreator/noirsmp/entity/MolotovProjectileEntity/tick()V from net/minecraft/world/entity/projectile/AbstractArrow/tick()V: tick -> m_8119_
Conflicting propagated mapping for net/mcreator/noirsmp/entity/MolotovProjectileEntity/doPostHurtEffects(Lnet/minecraft/world/entity/LivingEntity;)V from net/minecraft/world/entity/projectile/AbstractArrow/doPostHurtEffects(Lnet/minecraft/world/entity/LivingEntity;)V: doPostHurtEffects -> m_7761_
Conflicting propagated mapping for net/mcreator/noirsmp/entity/MolotovProjectileEntity/getAddEntityPacket()Lnet/minecraft/network/protocol/Packet; from net/minecraft/world/entity/projectile/Projectile/getAddEntityPacket()Lnet/minecraft/network/protocol/Packet;: getAddEntityPacket -> m_5654_
Conflicting propagated mapping for net/mcreator/noirsmp/entity/MolotovProjectileEntity/onHitBlock(Lnet/minecraft/world/phys/BlockHitResult;)V from net/minecraft/world/entity/projectile/AbstractArrow/onHitBlock(Lnet/minecraft/world/phys/BlockHitResult;)V: onHitBlock -> m_8060_
Conflicting propagated mapping for net/mcreator/noirsmp/entity/TijoloProjectileEntity/getPickupItem()Lnet/minecraft/world/item/ItemStack; from net/minecraft/world/entity/projectile/AbstractArrow/getPickupItem()Lnet/minecraft/world/item/ItemStack;: getPickupItem -> m_7941_
Conflicting propagated mapping for net/mcreator/noirsmp/entity/MolotovProjectileEntity/getItem()Lnet/minecraft/world/item/ItemStack; from net/minecraft/world/entity/projectile/ItemSupplier/getItem()Lnet/minecraft/world/item/ItemStack;: getItem -> m_7846_
Conflicting propagated mapping for net/mcreator/noirsmp/entity/MiniBuracoNegroEntity/getPickupItem()Lnet/minecraft/world/item/ItemStack; from net/minecraft/world/entity/projectile/AbstractArrow/getPickupItem()Lnet/minecraft/world/item/ItemStack;: getPickupItem -> m_7941_
Conflicting propagated mapping for net/mcreator/noirsmp/entity/TijoloProjectileEntity/onHitEntity(Lnet/minecraft/world/phys/EntityHitResult;)V from net/minecraft/world/entity/projectile/AbstractArrow/onHitEntity(Lnet/minecraft/world/phys/EntityHitResult;)V: onHitEntity -> m_5790_
Conflicting propagated mapping for net/mcreator/noirsmp/entity/TijoloProjectileEntity/tick()V from net/minecraft/world/entity/projectile/AbstractArrow/tick()V: tick -> m_8119_
Conflicting propagated mapping for net/mcreator/noirsmp/entity/MiniBuracoNegroEntity/onHitEntity(Lnet/minecraft/world/phys/EntityHitResult;)V from net/minecraft/world/entity/projectile/AbstractArrow/onHitEntity(Lnet/minecraft/world/phys/EntityHitResult;)V: onHitEntity -> m_5790_
Conflicting propagated mapping for net/mcreator/noirsmp/entity/MiniBuracoNegroEntity/tick()V from net/minecraft/world/entity/projectile/AbstractArrow/tick()V: tick -> m_8119_
Conflicting propagated mapping for net/mcreator/noirsmp/entity/TijoloProjectileEntity/doPostHurtEffects(Lnet/minecraft/world/entity/LivingEntity;)V from net/minecraft/world/entity/projectile/AbstractArrow/doPostHurtEffects(Lnet/minecraft/world/entity/LivingEntity;)V: doPostHurtEffects -> m_7761_
Conflicting propagated mapping for net/mcreator/noirsmp/entity/MiniBuracoNegroEntity/doPostHurtEffects(Lnet/minecraft/world/entity/LivingEntity;)V from net/minecraft/world/entity/projectile/AbstractArrow/doPostHurtEffects(Lnet/minecraft/world/entity/LivingEntity;)V: doPostHurtEffects -> m_7761_
Conflicting propagated mapping for net/mcreator/noirsmp/entity/TijoloProjectileEntity/getAddEntityPacket()Lnet/minecraft/network/protocol/Packet; from net/minecraft/world/entity/projectile/Projectile/getAddEntityPacket()Lnet/minecraft/network/protocol/Packet;: getAddEntityPacket -> m_5654_
Conflicting propagated mapping for net/mcreator/noirsmp/entity/MiniBuracoNegroEntity/getAddEntityPacket()Lnet/minecraft/network/protocol/Packet; from net/minecraft/world/entity/projectile/Projectile/getAddEntityPacket()Lnet/minecraft/network/protocol/Packet;: getAddEntityPacket -> m_5654_
Conflicting propagated mapping for net/mcreator/noirsmp/entity/TijoloProjectileEntity/onHitBlock(Lnet/minecraft/world/phys/BlockHitResult;)V from net/minecraft/world/entity/projectile/AbstractArrow/onHitBlock(Lnet/minecraft/world/phys/BlockHitResult;)V: onHitBlock -> m_8060_
Conflicting propagated mapping for net/mcreator/noirsmp/entity/MiniBuracoNegroEntity/onHitBlock(Lnet/minecraft/world/phys/BlockHitResult;)V from net/minecraft/world/entity/projectile/AbstractArrow/onHitBlock(Lnet/minecraft/world/phys/BlockHitResult;)V: onHitBlock -> m_8060_
Conflicting propagated mapping for net/mcreator/noirsmp/entity/TijoloProjectileEntity/getItem()Lnet/minecraft/world/item/ItemStack; from net/minecraft/world/entity/projectile/ItemSupplier/getItem()Lnet/minecraft/world/item/ItemStack;: getItem -> m_7846_
Conflicting propagated mapping for net/mcreator/noirsmp/entity/MiniBuracoNegroEntity/getItem()Lnet/minecraft/world/item/ItemStack; from net/minecraft/world/entity/projectile/ItemSupplier/getItem()Lnet/minecraft/world/item/ItemStack;: getItem -> m_7846_
Conflicting propagated mapping for net/mcreator/noirsmp/potion/EspagetificacaoMobEffect/applyEffectTick(Lnet/minecraft/world/entity/LivingEntity;I)V from net/minecraft/world/effect/MobEffect/applyEffectTick(Lnet/minecraft/world/entity/LivingEntity;I)V: applyEffectTick -> m_6742_
Conflicting propagated mapping for net/mcreator/noirsmp/potion/EspagetificacaoMobEffect/isDurationEffectTick(II)Z from net/minecraft/world/effect/MobEffect/isDurationEffectTick(II)Z: isDurationEffectTick -> m_6584_
Conflicting propagated mapping for net/mcreator/noirsmp/potion/SangramentoMobEffect/applyEffectTick(Lnet/minecraft/world/entity/LivingEntity;I)V from net/minecraft/world/effect/MobEffect/applyEffectTick(Lnet/minecraft/world/entity/LivingEntity;I)V: applyEffectTick -> m_6742_
Conflicting propagated mapping for net/mcreator/noirsmp/potion/SangramentoMobEffect/isDurationEffectTick(II)Z from net/minecraft/world/effect/MobEffect/isDurationEffectTick(II)Z: isDurationEffectTick -> m_6584_
Conflicting propagated mapping for net/mcreator/noirsmp/item/PassosEteriosItem$Boots/inventoryTick(Lnet/minecraft/world/item/ItemStack;Lnet/minecraft/world/level/Level;Lnet/minecraft/world/entity/Entity;IZ)V from net/minecraft/world/item/Item/inventoryTick(Lnet/minecraft/world/item/ItemStack;Lnet/minecraft/world/level/Level;Lnet/minecraft/world/entity/Entity;IZ)V: inventoryTick -> m_6883_
Conflicting propagated mapping for net/mcreator/noirsmp/item/AgulhaDosPesadelosProfundosItem$1/getUses()I from net/minecraft/world/item/Tier/getUses()I: getUses -> m_6609_
Conflicting propagated mapping for net/mcreator/noirsmp/item/AgulhaDosPesadelosProfundosItem$1/getSpeed()F from net/minecraft/world/item/Tier/getSpeed()F: getSpeed -> m_6624_
Conflicting propagated mapping for net/mcreator/noirsmp/item/ManoplaDeSlimeItem/getDestroySpeed(Lnet/minecraft/world/item/ItemStack;Lnet/minecraft/world/level/block/state/BlockState;)F from net/minecraft/world/item/Item/getDestroySpeed(Lnet/minecraft/world/item/ItemStack;Lnet/minecraft/world/level/block/state/BlockState;)F: getDestroySpeed -> m_8102_
Conflicting propagated mapping for net/mcreator/noirsmp/item/ManoplaDeSlimeItem/mineBlock(Lnet/minecraft/world/item/ItemStack;Lnet/minecraft/world/level/Level;Lnet/minecraft/world/level/block/state/BlockState;Lnet/minecraft/core/BlockPos;Lnet/minecraft/world/entity/LivingEntity;)Z from net/minecraft/world/item/Item/mineBlock(Lnet/minecraft/world/item/ItemStack;Lnet/minecraft/world/level/Level;Lnet/minecraft/world/level/block/state/BlockState;Lnet/minecraft/core/BlockPos;Lnet/minecraft/world/entity/LivingEntity;)Z: mineBlock -> m_6813_
Conflicting propagated mapping for net/mcreator/noirsmp/item/AgulhaDosPesadelosProfundosItem$1/getRepairIngredient()Lnet/minecraft/world/item/crafting/Ingredient; from net/minecraft/world/item/Tier/getRepairIngredient()Lnet/minecraft/world/item/crafting/Ingredient;: getRepairIngredient -> m_6282_
Conflicting propagated mapping for net/mcreator/noirsmp/item/ManoplaDeSlimeItem/getDefaultAttributeModifiers(Lnet/minecraft/world/entity/EquipmentSlot;)Lcom/google/common/collect/Multimap; from net/minecraft/world/item/Item/getDefaultAttributeModifiers(Lnet/minecraft/world/entity/EquipmentSlot;)Lcom/google/common/collect/Multimap;: getDefaultAttributeModifiers -> m_7167_
Conflicting propagated mapping for net/mcreator/noirsmp/item/AgulhaDosPesadelosProfundosItem$1/getEnchantmentValue()I from net/minecraft/world/item/Tier/getEnchantmentValue()I: getEnchantmentValue -> m_6601_
Conflicting propagated mapping for net/mcreator/noirsmp/item/AgulhaDosPesadelosProfundosItem$1/getLevel()I from net/minecraft/world/item/Tier/getLevel()I: getLevel -> m_6604_
Conflicting propagated mapping for net/mcreator/noirsmp/item/ManoplaDeSlimeItem/hurtEnemy(Lnet/minecraft/world/item/ItemStack;Lnet/minecraft/world/entity/LivingEntity;Lnet/minecraft/world/entity/LivingEntity;)Z from net/minecraft/world/item/Item/hurtEnemy(Lnet/minecraft/world/item/ItemStack;Lnet/minecraft/world/entity/LivingEntity;Lnet/minecraft/world/entity/LivingEntity;)Z: hurtEnemy -> m_7579_
Conflicting propagated mapping for net/mcreator/noirsmp/item/ArmaDeBuracoNegroItem/getUseAnimation(Lnet/minecraft/world/item/ItemStack;)Lnet/minecraft/world/item/UseAnim; from net/minecraft/world/item/Item/getUseAnimation(Lnet/minecraft/world/item/ItemStack;)Lnet/minecraft/world/item/UseAnim;: getUseAnimation -> m_6164_
Conflicting propagated mapping for net/mcreator/noirsmp/item/AgulhaDosPesadelosProfundosItem$1/getAttackDamageBonus()F from net/minecraft/world/item/Tier/getAttackDamageBonus()F: getAttackDamageBonus -> m_6631_
Conflicting propagated mapping for net/mcreator/noirsmp/item/ArmaDeBuracoNegroItem/use(Lnet/minecraft/world/level/Level;Lnet/minecraft/world/entity/player/Player;Lnet/minecraft/world/InteractionHand;)Lnet/minecraft/world/InteractionResultHolder; from net/minecraft/world/item/Item/use(Lnet/minecraft/world/level/Level;Lnet/minecraft/world/entity/player/Player;Lnet/minecraft/world/InteractionHand;)Lnet/minecraft/world/InteractionResultHolder;: use -> m_7203_
Conflicting propagated mapping for net/mcreator/noirsmp/item/ArmaDeBuracoNegroItem/getUseDuration(Lnet/minecraft/world/item/ItemStack;)I from net/minecraft/world/item/Item/getUseDuration(Lnet/minecraft/world/item/ItemStack;)I: getUseDuration -> m_8105_
Conflicting propagated mapping for net/mcreator/noirsmp/item/ManoplaDeSlimeItem/isCorrectToolForDrops(Lnet/minecraft/world/level/block/state/BlockState;)Z from net/minecraft/world/item/Item/isCorrectToolForDrops(Lnet/minecraft/world/level/block/state/BlockState;)Z: isCorrectToolForDrops -> m_8096_
Conflicting propagated mapping for net/mcreator/noirsmp/item/ArmaDeBuracoNegroItem/releaseUsing(Lnet/minecraft/world/item/ItemStack;Lnet/minecraft/world/level/Level;Lnet/minecraft/world/entity/LivingEntity;I)V from net/minecraft/world/item/Item/releaseUsing(Lnet/minecraft/world/item/ItemStack;Lnet/minecraft/world/level/Level;Lnet/minecraft/world/entity/LivingEntity;I)V: releaseUsing -> m_5551_
Conflicting propagated mapping for net/mcreator/noirsmp/item/BengalaItem$1/getUses()I from net/minecraft/world/item/Tier/getUses()I: getUses -> m_6609_
Conflicting propagated mapping for net/mcreator/noirsmp/item/BengalaItem$1/getSpeed()F from net/minecraft/world/item/Tier/getSpeed()F: getSpeed -> m_6624_
Conflicting propagated mapping for net/mcreator/noirsmp/item/BengalaItem$1/getRepairIngredient()Lnet/minecraft/world/item/crafting/Ingredient; from net/minecraft/world/item/Tier/getRepairIngredient()Lnet/minecraft/world/item/crafting/Ingredient;: getRepairIngredient -> m_6282_
Conflicting propagated mapping for net/mcreator/noirsmp/item/BengalaItem$1/getEnchantmentValue()I from net/minecraft/world/item/Tier/getEnchantmentValue()I: getEnchantmentValue -> m_6601_
Conflicting propagated mapping for net/mcreator/noirsmp/item/BengalaItem$1/getLevel()I from net/minecraft/world/item/Tier/getLevel()I: getLevel -> m_6604_
Conflicting propagated mapping for net/mcreator/noirsmp/item/BengalaItem$1/getAttackDamageBonus()F from net/minecraft/world/item/Tier/getAttackDamageBonus()F: getAttackDamageBonus -> m_6631_
Conflicting propagated mapping for net/mcreator/noirsmp/item/DadoFeuralItem/use(Lnet/minecraft/world/level/Level;Lnet/minecraft/world/entity/player/Player;Lnet/minecraft/world/InteractionHand;)Lnet/minecraft/world/InteractionResultHolder; from net/minecraft/world/item/Item/use(Lnet/minecraft/world/level/Level;Lnet/minecraft/world/entity/player/Player;Lnet/minecraft/world/InteractionHand;)Lnet/minecraft/world/InteractionResultHolder;: use -> m_7203_
Conflicting propagated mapping for net/mcreator/noirsmp/item/CanoDeMetalItem$1/getUses()I from net/minecraft/world/item/Tier/getUses()I: getUses -> m_6609_
Conflicting propagated mapping for net/mcreator/noirsmp/item/CanoDeMetalItem$1/getSpeed()F from net/minecraft/world/item/Tier/getSpeed()F: getSpeed -> m_6624_
Conflicting propagated mapping for net/mcreator/noirsmp/item/CanoDeMetalItem$1/getRepairIngredient()Lnet/minecraft/world/item/crafting/Ingredient; from net/minecraft/world/item/Tier/getRepairIngredient()Lnet/minecraft/world/item/crafting/Ingredient;: getRepairIngredient -> m_6282_
Conflicting propagated mapping for net/mcreator/noirsmp/item/CanoDeMetalItem$1/getEnchantmentValue()I from net/minecraft/world/item/Tier/getEnchantmentValue()I: getEnchantmentValue -> m_6601_
Conflicting propagated mapping for net/mcreator/noirsmp/item/CanoDeMetalItem$1/getLevel()I from net/minecraft/world/item/Tier/getLevel()I: getLevel -> m_6604_
Conflicting propagated mapping for net/mcreator/noirsmp/item/CanoDeMetalItem$1/getAttackDamageBonus()F from net/minecraft/world/item/Tier/getAttackDamageBonus()F: getAttackDamageBonus -> m_6631_
Conflicting propagated mapping for net/mcreator/noirsmp/item/SinoDeMarfimSpeedItem/use(Lnet/minecraft/world/level/Level;Lnet/minecraft/world/entity/player/Player;Lnet/minecraft/world/InteractionHand;)Lnet/minecraft/world/InteractionResultHolder; from net/minecraft/world/item/Item/use(Lnet/minecraft/world/level/Level;Lnet/minecraft/world/entity/player/Player;Lnet/minecraft/world/InteractionHand;)Lnet/minecraft/world/InteractionResultHolder;: use -> m_7203_
Conflicting propagated mapping for net/mcreator/noirsmp/item/SinoDeMarfimRegenItem/use(Lnet/minecraft/world/level/Level;Lnet/minecraft/world/entity/player/Player;Lnet/minecraft/world/InteractionHand;)Lnet/minecraft/world/InteractionResultHolder; from net/minecraft/world/item/Item/use(Lnet/minecraft/world/level/Level;Lnet/minecraft/world/entity/player/Player;Lnet/minecraft/world/InteractionHand;)Lnet/minecraft/world/InteractionResultHolder;: use -> m_7203_
Conflicting propagated mapping for net/mcreator/noirsmp/item/ESPADAItem$1/getUses()I from net/minecraft/world/item/Tier/getUses()I: getUses -> m_6609_
Conflicting propagated mapping for net/mcreator/noirsmp/item/ESPADAItem$1/getSpeed()F from net/minecraft/world/item/Tier/getSpeed()F: getSpeed -> m_6624_
Conflicting propagated mapping for net/mcreator/noirsmp/item/ESPADAItem$1/getRepairIngredient()Lnet/minecraft/world/item/crafting/Ingredient; from net/minecraft/world/item/Tier/getRepairIngredient()Lnet/minecraft/world/item/crafting/Ingredient;: getRepairIngredient -> m_6282_
Conflicting propagated mapping for net/mcreator/noirsmp/item/ESPADAItem$1/getEnchantmentValue()I from net/minecraft/world/item/Tier/getEnchantmentValue()I: getEnchantmentValue -> m_6601_
Conflicting propagated mapping for net/mcreator/noirsmp/item/ESPADAItem$1/getLevel()I from net/minecraft/world/item/Tier/getLevel()I: getLevel -> m_6604_
Conflicting propagated mapping for net/mcreator/noirsmp/item/ESPADAItem$1/getAttackDamageBonus()F from net/minecraft/world/item/Tier/getAttackDamageBonus()F: getAttackDamageBonus -> m_6631_
Conflicting propagated mapping for net/mcreator/noirsmp/item/ESPADAItem/use(Lnet/minecraft/world/level/Level;Lnet/minecraft/world/entity/player/Player;Lnet/minecraft/world/InteractionHand;)Lnet/minecraft/world/InteractionResultHolder; from net/minecraft/world/item/Item/use(Lnet/minecraft/world/level/Level;Lnet/minecraft/world/entity/player/Player;Lnet/minecraft/world/InteractionHand;)Lnet/minecraft/world/InteractionResultHolder;: use -> m_7203_
Conflicting propagated mapping for net/mcreator/noirsmp/item/SinoDeMarfimStrengthItem/use(Lnet/minecraft/world/level/Level;Lnet/minecraft/world/entity/player/Player;Lnet/minecraft/world/InteractionHand;)Lnet/minecraft/world/InteractionResultHolder; from net/minecraft/world/item/Item/use(Lnet/minecraft/world/level/Level;Lnet/minecraft/world/entity/player/Player;Lnet/minecraft/world/InteractionHand;)Lnet/minecraft/world/InteractionResultHolder;: use -> m_7203_
Conflicting propagated mapping for net/mcreator/noirsmp/item/SinoDeMarfimSlowFallingItem/use(Lnet/minecraft/world/level/Level;Lnet/minecraft/world/entity/player/Player;Lnet/minecraft/world/InteractionHand;)Lnet/minecraft/world/InteractionResultHolder; from net/minecraft/world/item/Item/use(Lnet/minecraft/world/level/Level;Lnet/minecraft/world/entity/player/Player;Lnet/minecraft/world/InteractionHand;)Lnet/minecraft/world/InteractionResultHolder;: use -> m_7203_
Conflicting propagated mapping for net/mcreator/noirsmp/item/EspetoItem$1/getUses()I from net/minecraft/world/item/Tier/getUses()I: getUses -> m_6609_
Conflicting propagated mapping for net/mcreator/noirsmp/item/EspetoItem$1/getSpeed()F from net/minecraft/world/item/Tier/getSpeed()F: getSpeed -> m_6624_
Conflicting propagated mapping for net/mcreator/noirsmp/item/EspetoItem$1/getRepairIngredient()Lnet/minecraft/world/item/crafting/Ingredient; from net/minecraft/world/item/Tier/getRepairIngredient()Lnet/minecraft/world/item/crafting/Ingredient;: getRepairIngredient -> m_6282_
Conflicting propagated mapping for net/mcreator/noirsmp/item/EspetoItem$1/getEnchantmentValue()I from net/minecraft/world/item/Tier/getEnchantmentValue()I: getEnchantmentValue -> m_6601_
Conflicting propagated mapping for net/mcreator/noirsmp/item/EspetoItem$1/getLevel()I from net/minecraft/world/item/Tier/getLevel()I: getLevel -> m_6604_
Conflicting propagated mapping for net/mcreator/noirsmp/item/LaminaDoArautoPlumiferoItem$1/getUses()I from net/minecraft/world/item/Tier/getUses()I: getUses -> m_6609_
Conflicting propagated mapping for net/mcreator/noirsmp/item/SinoDeMarfimNightVisionItem/use(Lnet/minecraft/world/level/Level;Lnet/minecraft/world/entity/player/Player;Lnet/minecraft/world/InteractionHand;)Lnet/minecraft/world/InteractionResultHolder; from net/minecraft/world/item/Item/use(Lnet/minecraft/world/level/Level;Lnet/minecraft/world/entity/player/Player;Lnet/minecraft/world/InteractionHand;)Lnet/minecraft/world/InteractionResultHolder;: use -> m_7203_
Conflicting propagated mapping for net/mcreator/noirsmp/item/EspetoItem$1/getAttackDamageBonus()F from net/minecraft/world/item/Tier/getAttackDamageBonus()F: getAttackDamageBonus -> m_6631_
Conflicting propagated mapping for net/mcreator/noirsmp/item/LaminaDoArautoPlumiferoItem$1/getSpeed()F from net/minecraft/world/item/Tier/getSpeed()F: getSpeed -> m_6624_
Conflicting propagated mapping for net/mcreator/noirsmp/item/LaminaDoArautoPlumiferoItem$1/getRepairIngredient()Lnet/minecraft/world/item/crafting/Ingredient; from net/minecraft/world/item/Tier/getRepairIngredient()Lnet/minecraft/world/item/crafting/Ingredient;: getRepairIngredient -> m_6282_
Conflicting propagated mapping for net/mcreator/noirsmp/item/LaminaDoArautoPlumiferoItem$1/getEnchantmentValue()I from net/minecraft/world/item/Tier/getEnchantmentValue()I: getEnchantmentValue -> m_6601_
Conflicting propagated mapping for net/mcreator/noirsmp/item/LaminaDoArautoPlumiferoItem$1/getLevel()I from net/minecraft/world/item/Tier/getLevel()I: getLevel -> m_6604_
Conflicting propagated mapping for net/mcreator/noirsmp/item/LaminaDoArautoPlumiferoItem$1/getAttackDamageBonus()F from net/minecraft/world/item/Tier/getAttackDamageBonus()F: getAttackDamageBonus -> m_6631_
Conflicting propagated mapping for net/mcreator/noirsmp/item/SinoDeMarfimJumpBoostItem/use(Lnet/minecraft/world/level/Level;Lnet/minecraft/world/entity/player/Player;Lnet/minecraft/world/InteractionHand;)Lnet/minecraft/world/InteractionResultHolder; from net/minecraft/world/item/Item/use(Lnet/minecraft/world/level/Level;Lnet/minecraft/world/entity/player/Player;Lnet/minecraft/world/InteractionHand;)Lnet/minecraft/world/InteractionResultHolder;: use -> m_7203_
Conflicting propagated mapping for net/mcreator/noirsmp/item/LeviatanItem$1/getUses()I from net/minecraft/world/item/Tier/getUses()I: getUses -> m_6609_
Conflicting propagated mapping for net/mcreator/noirsmp/item/LeviatanItem$1/getSpeed()F from net/minecraft/world/item/Tier/getSpeed()F: getSpeed -> m_6624_
Conflicting propagated mapping for net/mcreator/noirsmp/item/LeviatanItem$1/getRepairIngredient()Lnet/minecraft/world/item/crafting/Ingredient; from net/minecraft/world/item/Tier/getRepairIngredient()Lnet/minecraft/world/item/crafting/Ingredient;: getRepairIngredient -> m_6282_
Conflicting propagated mapping for net/mcreator/noirsmp/item/SinoDeMarfimInvisibilityItem/use(Lnet/minecraft/world/level/Level;Lnet/minecraft/world/entity/player/Player;Lnet/minecraft/world/InteractionHand;)Lnet/minecraft/world/InteractionResultHolder; from net/minecraft/world/item/Item/use(Lnet/minecraft/world/level/Level;Lnet/minecraft/world/entity/player/Player;Lnet/minecraft/world/InteractionHand;)Lnet/minecraft/world/InteractionResultHolder;: use -> m_7203_
Conflicting propagated mapping for net/mcreator/noirsmp/item/LeviatanItem$1/getEnchantmentValue()I from net/minecraft/world/item/Tier/getEnchantmentValue()I: getEnchantmentValue -> m_6601_
Conflicting propagated mapping for net/mcreator/noirsmp/item/LeviatanItem$1/getLevel()I from net/minecraft/world/item/Tier/getLevel()I: getLevel -> m_6604_
Conflicting propagated mapping for net/mcreator/noirsmp/item/LeviatanItem$1/getAttackDamageBonus()F from net/minecraft/world/item/Tier/getAttackDamageBonus()F: getAttackDamageBonus -> m_6631_
Conflicting propagated mapping for net/mcreator/noirsmp/item/SinoDeMarfimResistenceItem/use(Lnet/minecraft/world/level/Level;Lnet/minecraft/world/entity/player/Player;Lnet/minecraft/world/InteractionHand;)Lnet/minecraft/world/InteractionResultHolder; from net/minecraft/world/item/Item/use(Lnet/minecraft/world/level/Level;Lnet/minecraft/world/entity/player/Player;Lnet/minecraft/world/InteractionHand;)Lnet/minecraft/world/InteractionResultHolder;: use -> m_7203_
Conflicting propagated mapping for net/mcreator/noirsmp/item/SinoDeMarfimAquaticRespirationItem/use(Lnet/minecraft/world/level/Level;Lnet/minecraft/world/entity/player/Player;Lnet/minecraft/world/InteractionHand;)Lnet/minecraft/world/InteractionResultHolder; from net/minecraft/world/item/Item/use(Lnet/minecraft/world/level/Level;Lnet/minecraft/world/entity/player/Player;Lnet/minecraft/world/InteractionHand;)Lnet/minecraft/world/InteractionResultHolder;: use -> m_7203_
Conflicting propagated mapping for net/mcreator/noirsmp/item/ManoplaDaCalamidadeItem$1/getUses()I from net/minecraft/world/item/Tier/getUses()I: getUses -> m_6609_
Conflicting propagated mapping for net/mcreator/noirsmp/item/ManoplaDaCalamidadeItem$1/getSpeed()F from net/minecraft/world/item/Tier/getSpeed()F: getSpeed -> m_6624_
Conflicting propagated mapping for net/mcreator/noirsmp/item/ManoplaDaCalamidadeItem$1/getRepairIngredient()Lnet/minecraft/world/item/crafting/Ingredient; from net/minecraft/world/item/Tier/getRepairIngredient()Lnet/minecraft/world/item/crafting/Ingredient;: getRepairIngredient -> m_6282_
Conflicting propagated mapping for net/mcreator/noirsmp/item/ManoplaDaCalamidadeItem$1/getEnchantmentValue()I from net/minecraft/world/item/Tier/getEnchantmentValue()I: getEnchantmentValue -> m_6601_
Conflicting propagated mapping for net/mcreator/noirsmp/item/ManoplaDaCalamidadeItem$1/getLevel()I from net/minecraft/world/item/Tier/getLevel()I: getLevel -> m_6604_
Conflicting propagated mapping for net/mcreator/noirsmp/item/ManoplaDaCalamidadeItem/hurtEnemy(Lnet/minecraft/world/item/ItemStack;Lnet/minecraft/world/entity/LivingEntity;Lnet/minecraft/world/entity/LivingEntity;)Z from net/minecraft/world/item/SwordItem/hurtEnemy(Lnet/minecraft/world/item/ItemStack;Lnet/minecraft/world/entity/LivingEntity;Lnet/minecraft/world/entity/LivingEntity;)Z: hurtEnemy -> m_7579_
Conflicting propagated mapping for net/mcreator/noirsmp/item/ManoplaDeSlimeItem$1/getUses()I from net/minecraft/world/item/Tier/getUses()I: getUses -> m_6609_
Conflicting propagated mapping for net/mcreator/noirsmp/item/ManoplaDeSlimeItem$1/getSpeed()F from net/minecraft/world/item/Tier/getSpeed()F: getSpeed -> m_6624_
Conflicting propagated mapping for net/mcreator/noirsmp/item/ManoplaDeSlimeItem$1/getRepairIngredient()Lnet/minecraft/world/item/crafting/Ingredient; from net/minecraft/world/item/Tier/getRepairIngredient()Lnet/minecraft/world/item/crafting/Ingredient;: getRepairIngredient -> m_6282_
Conflicting propagated mapping for net/mcreator/noirsmp/item/ManoplaDeSlimeItem$1/getEnchantmentValue()I from net/minecraft/world/item/Tier/getEnchantmentValue()I: getEnchantmentValue -> m_6601_
Conflicting propagated mapping for net/mcreator/noirsmp/item/ManoplaDeSlimeItem$1/getLevel()I from net/minecraft/world/item/Tier/getLevel()I: getLevel -> m_6604_
Conflicting propagated mapping for net/mcreator/noirsmp/item/ManoplaDeSlimeItem$1/getAttackDamageBonus()F from net/minecraft/world/item/Tier/getAttackDamageBonus()F: getAttackDamageBonus -> m_6631_
Conflicting propagated mapping for net/mcreator/noirsmp/item/NinjatoItem/hurtEnemy(Lnet/minecraft/world/item/ItemStack;Lnet/minecraft/world/entity/LivingEntity;Lnet/minecraft/world/entity/LivingEntity;)Z from net/minecraft/world/item/SwordItem/hurtEnemy(Lnet/minecraft/world/item/ItemStack;Lnet/minecraft/world/entity/LivingEntity;Lnet/minecraft/world/entity/LivingEntity;)Z: hurtEnemy -> m_7579_
Conflicting propagated mapping for net/mcreator/noirsmp/item/PEDRAItem/use(Lnet/minecraft/world/level/Level;Lnet/minecraft/world/entity/player/Player;Lnet/minecraft/world/InteractionHand;)Lnet/minecraft/world/InteractionResultHolder; from net/minecraft/world/item/Item/use(Lnet/minecraft/world/level/Level;Lnet/minecraft/world/entity/player/Player;Lnet/minecraft/world/InteractionHand;)Lnet/minecraft/world/InteractionResultHolder;: use -> m_7203_
Conflicting propagated mapping for net/mcreator/noirsmp/item/SlimeMaceItem/use(Lnet/minecraft/world/level/Level;Lnet/minecraft/world/entity/player/Player;Lnet/minecraft/world/InteractionHand;)Lnet/minecraft/world/InteractionResultHolder; from net/minecraft/world/item/Item/use(Lnet/minecraft/world/level/Level;Lnet/minecraft/world/entity/player/Player;Lnet/minecraft/world/InteractionHand;)Lnet/minecraft/world/InteractionResultHolder;: use -> m_7203_
Conflicting propagated mapping for net/mcreator/noirsmp/item/RipaItem/hurtEnemy(Lnet/minecraft/world/item/ItemStack;Lnet/minecraft/world/entity/LivingEntity;Lnet/minecraft/world/entity/LivingEntity;)Z from net/minecraft/world/item/SwordItem/hurtEnemy(Lnet/minecraft/world/item/ItemStack;Lnet/minecraft/world/entity/LivingEntity;Lnet/minecraft/world/entity/LivingEntity;)Z: hurtEnemy -> m_7579_
Conflicting propagated mapping for net/mcreator/noirsmp/item/TacoComArameItem/hurtEnemy(Lnet/minecraft/world/item/ItemStack;Lnet/minecraft/world/entity/LivingEntity;Lnet/minecraft/world/entity/LivingEntity;)Z from net/minecraft/world/item/SwordItem/hurtEnemy(Lnet/minecraft/world/item/ItemStack;Lnet/minecraft/world/entity/LivingEntity;Lnet/minecraft/world/entity/LivingEntity;)Z: hurtEnemy -> m_7579_
Conflicting propagated mapping for net/mcreator/noirsmp/item/MolotovItem/getUseAnimation(Lnet/minecraft/world/item/ItemStack;)Lnet/minecraft/world/item/UseAnim; from net/minecraft/world/item/Item/getUseAnimation(Lnet/minecraft/world/item/ItemStack;)Lnet/minecraft/world/item/UseAnim;: getUseAnimation -> m_6164_
Conflicting propagated mapping for net/mcreator/noirsmp/item/MolotovItem/use(Lnet/minecraft/world/level/Level;Lnet/minecraft/world/entity/player/Player;Lnet/minecraft/world/InteractionHand;)Lnet/minecraft/world/InteractionResultHolder; from net/minecraft/world/item/Item/use(Lnet/minecraft/world/level/Level;Lnet/minecraft/world/entity/player/Player;Lnet/minecraft/world/InteractionHand;)Lnet/minecraft/world/InteractionResultHolder;: use -> m_7203_
Conflicting propagated mapping for net/mcreator/noirsmp/item/MolotovItem/getUseDuration(Lnet/minecraft/world/item/ItemStack;)I from net/minecraft/world/item/Item/getUseDuration(Lnet/minecraft/world/item/ItemStack;)I: getUseDuration -> m_8105_
Conflicting propagated mapping for net/mcreator/noirsmp/item/MolotovItem/releaseUsing(Lnet/minecraft/world/item/ItemStack;Lnet/minecraft/world/level/Level;Lnet/minecraft/world/entity/LivingEntity;I)V from net/minecraft/world/item/Item/releaseUsing(Lnet/minecraft/world/item/ItemStack;Lnet/minecraft/world/level/Level;Lnet/minecraft/world/entity/LivingEntity;I)V: releaseUsing -> m_5551_
Conflicting propagated mapping for net/mcreator/noirsmp/item/TijoloItem/getUseAnimation(Lnet/minecraft/world/item/ItemStack;)Lnet/minecraft/world/item/UseAnim; from net/minecraft/world/item/Item/getUseAnimation(Lnet/minecraft/world/item/ItemStack;)Lnet/minecraft/world/item/UseAnim;: getUseAnimation -> m_6164_
Conflicting propagated mapping for net/mcreator/noirsmp/item/TijoloItem/use(Lnet/minecraft/world/level/Level;Lnet/minecraft/world/entity/player/Player;Lnet/minecraft/world/InteractionHand;)Lnet/minecraft/world/InteractionResultHolder; from net/minecraft/world/item/Item/use(Lnet/minecraft/world/level/Level;Lnet/minecraft/world/entity/player/Player;Lnet/minecraft/world/InteractionHand;)Lnet/minecraft/world/InteractionResultHolder;: use -> m_7203_
Conflicting propagated mapping for net/mcreator/noirsmp/item/TijoloItem/getUseDuration(Lnet/minecraft/world/item/ItemStack;)I from net/minecraft/world/item/Item/getUseDuration(Lnet/minecraft/world/item/ItemStack;)I: getUseDuration -> m_8105_
Conflicting propagated mapping for net/mcreator/noirsmp/item/TijoloItem/releaseUsing(Lnet/minecraft/world/item/ItemStack;Lnet/minecraft/world/level/Level;Lnet/minecraft/world/entity/LivingEntity;I)V from net/minecraft/world/item/Item/releaseUsing(Lnet/minecraft/world/item/ItemStack;Lnet/minecraft/world/level/Level;Lnet/minecraft/world/entity/LivingEntity;I)V: releaseUsing -> m_5551_
Conflicting propagated mapping for net/mcreator/noirsmp/item/MarretaGravitacionalItem/use(Lnet/minecraft/world/level/Level;Lnet/minecraft/world/entity/player/Player;Lnet/minecraft/world/InteractionHand;)Lnet/minecraft/world/InteractionResultHolder; from net/minecraft/world/item/Item/use(Lnet/minecraft/world/level/Level;Lnet/minecraft/world/entity/player/Player;Lnet/minecraft/world/InteractionHand;)Lnet/minecraft/world/InteractionResultHolder;: use -> m_7203_
Conflicting propagated mapping for net/mcreator/noirsmp/item/ManoplaDaCalamidadeItem$1/getAttackDamageBonus()F from net/minecraft/world/item/Tier/getAttackDamageBonus()F: getAttackDamageBonus -> m_6631_
Conflicting propagated mapping for net/mcreator/noirsmp/item/MarretaGravitacionalItem$1/getUses()I from net/minecraft/world/item/Tier/getUses()I: getUses -> m_6609_
Conflicting propagated mapping for net/mcreator/noirsmp/item/MarretaGravitacionalItem$1/getSpeed()F from net/minecraft/world/item/Tier/getSpeed()F: getSpeed -> m_6624_
Conflicting propagated mapping for net/mcreator/noirsmp/item/MarretaGravitacionalItem$1/getRepairIngredient()Lnet/minecraft/world/item/crafting/Ingredient; from net/minecraft/world/item/Tier/getRepairIngredient()Lnet/minecraft/world/item/crafting/Ingredient;: getRepairIngredient -> m_6282_
Conflicting propagated mapping for net/mcreator/noirsmp/item/MarretaGravitacionalItem$1/getEnchantmentValue()I from net/minecraft/world/item/Tier/getEnchantmentValue()I: getEnchantmentValue -> m_6601_
Conflicting propagated mapping for net/mcreator/noirsmp/item/MarretaGravitacionalItem$1/getLevel()I from net/minecraft/world/item/Tier/getLevel()I: getLevel -> m_6604_
Conflicting propagated mapping for net/mcreator/noirsmp/item/MarretaGravitacionalItem$1/getAttackDamageBonus()F from net/minecraft/world/item/Tier/getAttackDamageBonus()F: getAttackDamageBonus -> m_6631_
Conflicting propagated mapping for net/mcreator/noirsmp/item/MarretaItem$1/getUses()I from net/minecraft/world/item/Tier/getUses()I: getUses -> m_6609_
Conflicting propagated mapping for net/mcreator/noirsmp/item/MarretaItem$1/getSpeed()F from net/minecraft/world/item/Tier/getSpeed()F: getSpeed -> m_6624_
Conflicting propagated mapping for net/mcreator/noirsmp/item/MarretaItem$1/getRepairIngredient()Lnet/minecraft/world/item/crafting/Ingredient; from net/minecraft/world/item/Tier/getRepairIngredient()Lnet/minecraft/world/item/crafting/Ingredient;: getRepairIngredient -> m_6282_
Conflicting propagated mapping for net/mcreator/noirsmp/item/MarretaItem$1/getEnchantmentValue()I from net/minecraft/world/item/Tier/getEnchantmentValue()I: getEnchantmentValue -> m_6601_
Conflicting propagated mapping for net/mcreator/noirsmp/item/MarretaItem$1/getLevel()I from net/minecraft/world/item/Tier/getLevel()I: getLevel -> m_6604_
Conflicting propagated mapping for net/mcreator/noirsmp/item/MarretaItem$1/getAttackDamageBonus()F from net/minecraft/world/item/Tier/getAttackDamageBonus()F: getAttackDamageBonus -> m_6631_
Conflicting propagated mapping for net/mcreator/noirsmp/item/PEDRAItem$1/getUses()I from net/minecraft/world/item/Tier/getUses()I: getUses -> m_6609_
Conflicting propagated mapping for net/mcreator/noirsmp/item/PEDRAItem$1/getSpeed()F from net/minecraft/world/item/Tier/getSpeed()F: getSpeed -> m_6624_
Conflicting propagated mapping for net/mcreator/noirsmp/item/PEDRAItem$1/getRepairIngredient()Lnet/minecraft/world/item/crafting/Ingredient; from net/minecraft/world/item/Tier/getRepairIngredient()Lnet/minecraft/world/item/crafting/Ingredient;: getRepairIngredient -> m_6282_
Conflicting propagated mapping for net/mcreator/noirsmp/item/PEDRAItem$1/getEnchantmentValue()I from net/minecraft/world/item/Tier/getEnchantmentValue()I: getEnchantmentValue -> m_6601_
Conflicting propagated mapping for net/mcreator/noirsmp/item/PEDRAItem$1/getLevel()I from net/minecraft/world/item/Tier/getLevel()I: getLevel -> m_6604_
Conflicting propagated mapping for net/mcreator/noirsmp/item/PEDRAItem$1/getAttackDamageBonus()F from net/minecraft/world/item/Tier/getAttackDamageBonus()F: getAttackDamageBonus -> m_6631_
Conflicting propagated mapping for net/mcreator/noirsmp/item/PassosEteriosItem$1/getRepairIngredient()Lnet/minecraft/world/item/crafting/Ingredient; from net/minecraft/world/item/ArmorMaterial/getRepairIngredient()Lnet/minecraft/world/item/crafting/Ingredient;: getRepairIngredient -> m_6230_
Conflicting propagated mapping for net/mcreator/noirsmp/item/PassosEteriosItem$1/getEnchantmentValue()I from net/minecraft/world/item/ArmorMaterial/getEnchantmentValue()I: getEnchantmentValue -> m_6646_
Conflicting propagated mapping for net/mcreator/noirsmp/item/PassosEteriosItem$1/getKnockbackResistance()F from net/minecraft/world/item/ArmorMaterial/getKnockbackResistance()F: getKnockbackResistance -> m_6649_
Conflicting propagated mapping for net/mcreator/noirsmp/item/PassosEteriosItem$1/getToughness()F from net/minecraft/world/item/ArmorMaterial/getToughness()F: getToughness -> m_6651_
Conflicting propagated mapping for net/mcreator/noirsmp/item/PassosEteriosItem$1/getName()Ljava/lang/String; from net/minecraft/world/item/ArmorMaterial/getName()Ljava/lang/String;: getName -> m_6082_
Conflicting propagated mapping for net/mcreator/noirsmp/item/PassosEteriosItem$1/getDefenseForType(Lnet/minecraft/world/item/ArmorItem$Type;)I from net/minecraft/world/item/ArmorMaterial/getDefenseForType(Lnet/minecraft/world/item/ArmorItem$Type;)I: getDefenseForType -> m_7366_
Conflicting propagated mapping for net/mcreator/noirsmp/item/PassosEteriosItem$1/getEquipSound()Lnet/minecraft/sounds/SoundEvent; from net/minecraft/world/item/ArmorMaterial/getEquipSound()Lnet/minecraft/sounds/SoundEvent;: getEquipSound -> m_7344_
Conflicting propagated mapping for net/mcreator/noirsmp/item/PassosEteriosItem$1/getDurabilityForType(Lnet/minecraft/world/item/ArmorItem$Type;)I from net/minecraft/world/item/ArmorMaterial/getDurabilityForType(Lnet/minecraft/world/item/ArmorItem$Type;)I: getDurabilityForType -> m_266425_
Conflicting propagated mapping for net/mcreator/noirsmp/item/NinjatoItem$1/getUses()I from net/minecraft/world/item/Tier/getUses()I: getUses -> m_6609_
Conflicting propagated mapping for net/mcreator/noirsmp/item/NinjatoItem$1/getSpeed()F from net/minecraft/world/item/Tier/getSpeed()F: getSpeed -> m_6624_
Conflicting propagated mapping for net/mcreator/noirsmp/item/NinjatoItem$1/getRepairIngredient()Lnet/minecraft/world/item/crafting/Ingredient; from net/minecraft/world/item/Tier/getRepairIngredient()Lnet/minecraft/world/item/crafting/Ingredient;: getRepairIngredient -> m_6282_
Conflicting propagated mapping for net/mcreator/noirsmp/item/NinjatoItem$1/getEnchantmentValue()I from net/minecraft/world/item/Tier/getEnchantmentValue()I: getEnchantmentValue -> m_6601_
Conflicting propagated mapping for net/mcreator/noirsmp/item/NinjatoItem$1/getLevel()I from net/minecraft/world/item/Tier/getLevel()I: getLevel -> m_6604_
Conflicting propagated mapping for net/mcreator/noirsmp/item/NinjatoItem$1/getAttackDamageBonus()F from net/minecraft/world/item/Tier/getAttackDamageBonus()F: getAttackDamageBonus -> m_6631_
Conflicting propagated mapping for net/mcreator/noirsmp/item/RipaItem$1/getUses()I from net/minecraft/world/item/Tier/getUses()I: getUses -> m_6609_
Conflicting propagated mapping for net/mcreator/noirsmp/item/RipaItem$1/getSpeed()F from net/minecraft/world/item/Tier/getSpeed()F: getSpeed -> m_6624_
Conflicting propagated mapping for net/mcreator/noirsmp/item/RipaItem$1/getRepairIngredient()Lnet/minecraft/world/item/crafting/Ingredient; from net/minecraft/world/item/Tier/getRepairIngredient()Lnet/minecraft/world/item/crafting/Ingredient;: getRepairIngredient -> m_6282_
Conflicting propagated mapping for net/mcreator/noirsmp/item/RipaItem$1/getEnchantmentValue()I from net/minecraft/world/item/Tier/getEnchantmentValue()I: getEnchantmentValue -> m_6601_
Conflicting propagated mapping for net/mcreator/noirsmp/item/RoloItem$1/getUses()I from net/minecraft/world/item/Tier/getUses()I: getUses -> m_6609_
Conflicting propagated mapping for net/mcreator/noirsmp/item/RipaItem$1/getLevel()I from net/minecraft/world/item/Tier/getLevel()I: getLevel -> m_6604_
Conflicting propagated mapping for net/mcreator/noirsmp/item/RipaItem$1/getAttackDamageBonus()F from net/minecraft/world/item/Tier/getAttackDamageBonus()F: getAttackDamageBonus -> m_6631_
Conflicting propagated mapping for net/mcreator/noirsmp/item/RoloItem$1/getSpeed()F from net/minecraft/world/item/Tier/getSpeed()F: getSpeed -> m_6624_
Conflicting propagated mapping for net/mcreator/noirsmp/item/RoloItem$1/getRepairIngredient()Lnet/minecraft/world/item/crafting/Ingredient; from net/minecraft/world/item/Tier/getRepairIngredient()Lnet/minecraft/world/item/crafting/Ingredient;: getRepairIngredient -> m_6282_
Conflicting propagated mapping for net/mcreator/noirsmp/item/RoloItem$1/getEnchantmentValue()I from net/minecraft/world/item/Tier/getEnchantmentValue()I: getEnchantmentValue -> m_6601_
Conflicting propagated mapping for net/mcreator/noirsmp/item/RoloItem$1/getLevel()I from net/minecraft/world/item/Tier/getLevel()I: getLevel -> m_6604_
Conflicting propagated mapping for net/mcreator/noirsmp/item/RoloItem$1/getAttackDamageBonus()F from net/minecraft/world/item/Tier/getAttackDamageBonus()F: getAttackDamageBonus -> m_6631_
Conflicting propagated mapping for net/mcreator/noirsmp/item/SlimeMaceItem$1/getUses()I from net/minecraft/world/item/Tier/getUses()I: getUses -> m_6609_
Conflicting propagated mapping for net/mcreator/noirsmp/item/SlimeMaceItem$1/getSpeed()F from net/minecraft/world/item/Tier/getSpeed()F: getSpeed -> m_6624_
Conflicting propagated mapping for net/mcreator/noirsmp/item/SlimeMaceItem$1/getRepairIngredient()Lnet/minecraft/world/item/crafting/Ingredient; from net/minecraft/world/item/Tier/getRepairIngredient()Lnet/minecraft/world/item/crafting/Ingredient;: getRepairIngredient -> m_6282_
Conflicting propagated mapping for net/mcreator/noirsmp/item/SlimeMaceItem$1/getEnchantmentValue()I from net/minecraft/world/item/Tier/getEnchantmentValue()I: getEnchantmentValue -> m_6601_
Conflicting propagated mapping for net/mcreator/noirsmp/item/SlimeMaceItem$1/getLevel()I from net/minecraft/world/item/Tier/getLevel()I: getLevel -> m_6604_
Conflicting propagated mapping for net/mcreator/noirsmp/item/SlimeMaceItem$1/getAttackDamageBonus()F from net/minecraft/world/item/Tier/getAttackDamageBonus()F: getAttackDamageBonus -> m_6631_
Conflicting propagated mapping for net/mcreator/noirsmp/item/TacoComArameItem$1/getUses()I from net/minecraft/world/item/Tier/getUses()I: getUses -> m_6609_
Conflicting propagated mapping for net/mcreator/noirsmp/item/TacoComArameItem$1/getSpeed()F from net/minecraft/world/item/Tier/getSpeed()F: getSpeed -> m_6624_
Conflicting propagated mapping for net/mcreator/noirsmp/item/TacoComArameItem$1/getRepairIngredient()Lnet/minecraft/world/item/crafting/Ingredient; from net/minecraft/world/item/Tier/getRepairIngredient()Lnet/minecraft/world/item/crafting/Ingredient;: getRepairIngredient -> m_6282_
Conflicting propagated mapping for net/mcreator/noirsmp/item/TacoComArameItem$1/getEnchantmentValue()I from net/minecraft/world/item/Tier/getEnchantmentValue()I: getEnchantmentValue -> m_6601_
Conflicting propagated mapping for net/mcreator/noirsmp/item/TacoComArameItem$1/getLevel()I from net/minecraft/world/item/Tier/getLevel()I: getLevel -> m_6604_
Conflicting propagated mapping for net/mcreator/noirsmp/item/TacoComArameItem$1/getAttackDamageBonus()F from net/minecraft/world/item/Tier/getAttackDamageBonus()F: getAttackDamageBonus -> m_6631_
Conflicting propagated mapping for net/mcreator/noirsmp/item/extension/MolotovArremessarItemExtension$1/execute(Lnet/minecraft/core/BlockSource;Lnet/minecraft/world/item/ItemStack;)Lnet/minecraft/world/item/ItemStack; from net/minecraft/core/dispenser/DefaultDispenseItemBehavior/execute(Lnet/minecraft/core/BlockSource;Lnet/minecraft/world/item/ItemStack;)Lnet/minecraft/world/item/ItemStack;: execute -> m_7498_
Conflicting propagated mapping for net/mcreator/noirsmp/item/extension/TijoloArremessarItemExtension$1/execute(Lnet/minecraft/core/BlockSource;Lnet/minecraft/world/item/ItemStack;)Lnet/minecraft/world/item/ItemStack; from net/minecraft/core/dispenser/DefaultDispenseItemBehavior/execute(Lnet/minecraft/core/BlockSource;Lnet/minecraft/world/item/ItemStack;)Lnet/minecraft/world/item/ItemStack;: execute -> m_7498_
Conflicting propagated mapping for net/minecraftforge/network/IContainerFactory/create(ILnet/minecraft/world/entity/player/Inventory;)Lnet/minecraft/world/inventory/AbstractContainerMenu; from net/minecraft/world/inventory/MenuType$MenuSupplier/create(ILnet/minecraft/world/entity/player/Inventory;)Lnet/minecraft/world/inventory/AbstractContainerMenu;: create -> m_39994_
Conflicting propagated mapping for net/mcreator/noirsmp/procedures/ESPADARightclickedProcedure$1/createMenu(ILnet/minecraft/world/entity/player/Inventory;Lnet/minecraft/world/entity/player/Player;)Lnet/minecraft/world/inventory/AbstractContainerMenu; from net/minecraft/world/inventory/MenuConstructor/createMenu(ILnet/minecraft/world/entity/player/Inventory;Lnet/minecraft/world/entity/player/Player;)Lnet/minecraft/world/inventory/AbstractContainerMenu;: createMenu -> m_7208_
Conflicting propagated mapping for net/mcreator/noirsmp/procedures/ESPADARightclickedProcedure$1/getDisplayName()Lnet/minecraft/network/chat/Component; from net/minecraft/world/MenuProvider/getDisplayName()Lnet/minecraft/network/chat/Component;: getDisplayName -> m_5446_
Conflicting propagated mapping for net/mcreator/noirsmp/world/dimension/VazioDimension$VazioSpecialEffectsHandler$1/getBrightnessDependentFogColor(Lnet/minecraft/world/phys/Vec3;F)Lnet/minecraft/world/phys/Vec3; from net/minecraft/client/renderer/DimensionSpecialEffects/getBrightnessDependentFogColor(Lnet/minecraft/world/phys/Vec3;F)Lnet/minecraft/world/phys/Vec3;: getBrightnessDependentFogColor -> m_5927_
Conflicting propagated mapping for net/mcreator/noirsmp/world/dimension/VazioDimension$VazioSpecialEffectsHandler$1/isFoggyAt(II)Z from net/minecraft/client/renderer/DimensionSpecialEffects/isFoggyAt(II)Z: isFoggyAt -> m_5781_
Conflicting propagated mapping for net/minecraftforge/items/SlotItemHandler/set(Lnet/minecraft/world/item/ItemStack;)V from net/minecraft/world/inventory/Slot/set(Lnet/minecraft/world/item/ItemStack;)V: set -> m_5852_
Conflicting propagated mapping for net/minecraftforge/items/SlotItemHandler/mayPlace(Lnet/minecraft/world/item/ItemStack;)Z from net/minecraft/world/inventory/Slot/mayPlace(Lnet/minecraft/world/item/ItemStack;)Z: mayPlace -> m_5857_
Conflicting propagated mapping for net/minecraftforge/items/SlotItemHandler/remove(I)Lnet/minecraft/world/item/ItemStack; from net/minecraft/world/inventory/Slot/remove(I)Lnet/minecraft/world/item/ItemStack;: remove -> m_6201_
Conflicting propagated mapping for net/minecraftforge/items/SlotItemHandler/onQuickCraft(Lnet/minecraft/world/item/ItemStack;Lnet/minecraft/world/item/ItemStack;)V from net/minecraft/world/inventory/Slot/onQuickCraft(Lnet/minecraft/world/item/ItemStack;Lnet/minecraft/world/item/ItemStack;)V: onQuickCraft -> m_40234_
Conflicting propagated mapping for net/minecraftforge/items/SlotItemHandler/getItem()Lnet/minecraft/world/item/ItemStack; from net/minecraft/world/inventory/Slot/getItem()Lnet/minecraft/world/item/ItemStack;: getItem -> m_7993_
Conflicting propagated mapping for net/minecraftforge/items/SlotItemHandler/getMaxStackSize(Lnet/minecraft/world/item/ItemStack;)I from net/minecraft/world/inventory/Slot/getMaxStackSize(Lnet/minecraft/world/item/ItemStack;)I: getMaxStackSize -> m_5866_
Conflicting propagated mapping for net/minecraftforge/items/SlotItemHandler/mayPickup(Lnet/minecraft/world/entity/player/Player;)Z from net/minecraft/world/inventory/Slot/mayPickup(Lnet/minecraft/world/entity/player/Player;)Z: mayPickup -> m_8010_
Conflicting propagated mapping for net/minecraftforge/items/SlotItemHandler/getMaxStackSize()I from net/minecraft/world/inventory/Slot/getMaxStackSize()I: getMaxStackSize -> m_6641_
Conflicting propagated mapping for net/mcreator/noirsmp/world/inventory/ESPADAGUIMenu$2/mayPlace(Lnet/minecraft/world/item/ItemStack;)Z from net/minecraftforge/items/SlotItemHandler/mayPlace(Lnet/minecraft/world/item/ItemStack;)Z: mayPlace -> m_5857_
Conflicting propagated mapping for net/mcreator/noirsmp/world/inventory/ESPADAGUIMenu$3/onTake(Lnet/minecraft/world/entity/player/Player;Lnet/minecraft/world/item/ItemStack;)V from net/minecraft/world/inventory/Slot/onTake(Lnet/minecraft/world/entity/player/Player;Lnet/minecraft/world/item/ItemStack;)V: onTake -> m_142406_
Conflicting propagated mapping for net/mcreator/noirsmp/world/inventory/ESPADAGUIMenu$3/mayPlace(Lnet/minecraft/world/item/ItemStack;)Z from net/minecraftforge/items/SlotItemHandler/mayPlace(Lnet/minecraft/world/item/ItemStack;)Z: mayPlace -> m_5857_
Conflicting propagated mapping for net/mcreator/noirsmp/world/inventory/ESPADAGUIMenu$3/onQuickCraft(Lnet/minecraft/world/item/ItemStack;Lnet/minecraft/world/item/ItemStack;)V from net/minecraftforge/items/SlotItemHandler/onQuickCraft(Lnet/minecraft/world/item/ItemStack;Lnet/minecraft/world/item/ItemStack;)V: onQuickCraft -> m_40234_
Conflicting propagated mapping for net/mcreator/noirsmp/world/inventory/ESPADAGUIMenu$4/onTake(Lnet/minecraft/world/entity/player/Player;Lnet/minecraft/world/item/ItemStack;)V from net/minecraft/world/inventory/Slot/onTake(Lnet/minecraft/world/entity/player/Player;Lnet/minecraft/world/item/ItemStack;)V: onTake -> m_142406_
Conflicting propagated mapping for net/mcreator/noirsmp/world/inventory/ESPADAGUIMenu$5/onTake(Lnet/minecraft/world/entity/player/Player;Lnet/minecraft/world/item/ItemStack;)V from net/minecraft/world/inventory/Slot/onTake(Lnet/minecraft/world/entity/player/Player;Lnet/minecraft/world/item/ItemStack;)V: onTake -> m_142406_
Conflicting propagated mapping for net/mcreator/noirsmp/world/inventory/ESPADAGUIMenu$5/mayPlace(Lnet/minecraft/world/item/ItemStack;)Z from net/minecraftforge/items/SlotItemHandler/mayPlace(Lnet/minecraft/world/item/ItemStack;)Z: mayPlace -> m_5857_
Conflicting propagated mapping for net/mcreator/noirsmp/world/inventory/ESPADAGUIMenu$5/onQuickCraft(Lnet/minecraft/world/item/ItemStack;Lnet/minecraft/world/item/ItemStack;)V from net/minecraftforge/items/SlotItemHandler/onQuickCraft(Lnet/minecraft/world/item/ItemStack;Lnet/minecraft/world/item/ItemStack;)V: onQuickCraft -> m_40234_
Conflicting propagated mapping for net/mcreator/noirsmp/world/inventory/ESPADAGUIMenu$2/setChanged()V from net/minecraft/world/inventory/Slot/setChanged()V: setChanged -> m_6654_
Conflicting propagated mapping for net/mcreator/noirsmp/world/inventory/ESPADAGUIMenu$2/onQuickCraft(Lnet/minecraft/world/item/ItemStack;Lnet/minecraft/world/item/ItemStack;)V from net/minecraftforge/items/SlotItemHandler/onQuickCraft(Lnet/minecraft/world/item/ItemStack;Lnet/minecraft/world/item/ItemStack;)V: onQuickCraft -> m_40234_
Conflicting propagated mapping for net/mcreator/noirsmp/world/inventory/ESPADAGUIMenu$4/mayPlace(Lnet/minecraft/world/item/ItemStack;)Z from net/minecraftforge/items/SlotItemHandler/mayPlace(Lnet/minecraft/world/item/ItemStack;)Z: mayPlace -> m_5857_
Conflicting propagated mapping for net/mcreator/noirsmp/world/inventory/ESPADAGUIMenu$4/onQuickCraft(Lnet/minecraft/world/item/ItemStack;Lnet/minecraft/world/item/ItemStack;)V from net/minecraftforge/items/SlotItemHandler/onQuickCraft(Lnet/minecraft/world/item/ItemStack;Lnet/minecraft/world/item/ItemStack;)V: onQuickCraft -> m_40234_
Adding extras
Sorting
Writing Output: /home/ciborg/MCreatorWorkspaces/noir/build/libs/modid-1.0.jar
  META-INF/
  META-INF/MANIFEST.MF
  META-INF/accesstransformer.cfg
  META-INF/jarjar/
  META-INF/jarjar/metadata.json
  META-INF/jarjar/mixinextras-forge-0.5.0.jar
  META-INF/mods.toml
  assets/
  assets/noir_smp/
  assets/noir_smp/lang/
  assets/noir_smp/lang/en_us.json
  assets/noir_smp/models/
  assets/noir_smp/models/custom/
  assets/noir_smp/models/custom/agulha_dos_pesadelos_profundos.json
  assets/noir_smp/models/custom/ancora_do_k7.json
  assets/noir_smp/models/custom/bengala.json
  assets/noir_smp/models/custom/cano_pvc.json
  assets/noir_smp/models/custom/cu.json
  assets/noir_smp/models/custom/doppelmask.json
  assets/noir_smp/models/custom/e.s.p.a.d.a.json
  assets/noir_smp/models/custom/espeto.json
  assets/noir_smp/models/custom/foice.json
  assets/noir_smp/models/custom/garrafa.json
  assets/noir_smp/models/custom/lamina.json
  assets/noir_smp/models/custom/laminatucano.json
  assets/noir_smp/models/custom/manopla_de_slime.json
  assets/noir_smp/models/custom/manopladacalamidade.json
  assets/noir_smp/models/custom/marreta.json
  assets/noir_smp/models/custom/martelo_de_buraco_negro.json
  assets/noir_smp/models/custom/ninjato.json
  assets/noir_smp/models/custom/p.e.d.r.a.json
  assets/noir_smp/models/custom/ripa.json
  assets/noir_smp/models/custom/rolo.json
  assets/noir_smp/models/custom/s.l.i.m.e.json
  assets/noir_smp/models/custom/solemnlament.json
  assets/noir_smp/models/custom/taco_com_arame.json
  assets/noir_smp/models/custom/tijolo.json
  assets/noir_smp/models/item/
  assets/noir_smp/models/item/agulha_dos_pesadelos_profundos.json
  assets/noir_smp/models/item/arma_de_buraco_negro.json
  assets/noir_smp/models/item/bengala.json
  assets/noir_smp/models/item/cano_de_metal.json
  assets/noir_smp/models/item/dado_feural.json
  assets/noir_smp/models/item/doppel_mask.json
  assets/noir_smp/models/item/espada.json
  assets/noir_smp/models/item/espeto.json
  assets/noir_smp/models/item/lamina_do_arauto_plumifero.json
  assets/noir_smp/models/item/leviatan.json
  assets/noir_smp/models/item/manopla_da_calamidade.json
  assets/noir_smp/models/item/manopla_de_slime.json
  assets/noir_smp/models/item/marreta.json
  assets/noir_smp/models/item/marreta_gravitacional.json
  assets/noir_smp/models/item/molotov.json
  assets/noir_smp/models/item/ninjato.json
  assets/noir_smp/models/item/passos_eterios_boots.json
  assets/noir_smp/models/item/pedra.json
  assets/noir_smp/models/item/ripa.json
  assets/noir_smp/models/item/rolo.json
  assets/noir_smp/models/item/sino_de_marfim_aquatic_respiration.json
  assets/noir_smp/models/item/sino_de_marfim_invisibility.json
  assets/noir_smp/models/item/sino_de_marfim_jump_boost.json
  assets/noir_smp/models/item/sino_de_marfim_night_vision.json
  assets/noir_smp/models/item/sino_de_marfim_regen.json
  assets/noir_smp/models/item/sino_de_marfim_resistence.json
  assets/noir_smp/models/item/sino_de_marfim_slow_falling.json
  assets/noir_smp/models/item/sino_de_marfim_speed.json
  assets/noir_smp/models/item/sino_de_marfim_strength.json
  assets/noir_smp/models/item/slime_mace.json
  assets/noir_smp/models/item/taco_com_arame.json
  assets/noir_smp/models/item/tijolo.json
  assets/noir_smp/particles/
  assets/noir_smp/particles/sangue.json
  assets/noir_smp/sounds.json
  assets/noir_smp/sounds/
  assets/noir_smp/sounds/acerto.ogg
  assets/noir_smp/sounds/arremesso.ogg
  assets/noir_smp/sounds/black-hole.ogg
  assets/noir_smp/sounds/kokusen.ogg
  assets/noir_smp/sounds/sininho.ogg
  assets/noir_smp/textures/
  assets/noir_smp/textures/block/
  assets/noir_smp/textures/block/agulha_dos_pesadelos_profundos.png
  assets/noir_smp/textures/block/alga_ancora.png
  assets/noir_smp/textures/block/ancora_fero.png
  assets/noir_smp/textures/block/bengala.png
  assets/noir_smp/textures/block/canopvc.png
  assets/noir_smp/textures/block/doppelmask.png
  assets/noir_smp/textures/block/e.s.p.a.d.a_tex.png
  assets/noir_smp/textures/block/espeto.png
  assets/noir_smp/textures/block/garrafa.png
  assets/noir_smp/textures/block/laminatucano.png
  assets/noir_smp/textures/block/manopla_slime_tex.png
  assets/noir_smp/textures/block/manoplacalamidade.png
  assets/noir_smp/textures/block/marreta.png
  assets/noir_smp/textures/block/martelo_orbital.png
  assets/noir_smp/textures/block/martelo_orbital_bastoes.png
  assets/noir_smp/textures/block/ninjatotex.png
  assets/noir_smp/textures/block/ouro_ancora_v2.png
  assets/noir_smp/textures/block/resto.png
  assets/noir_smp/textures/block/ripa.png
  assets/noir_smp/textures/block/rolo.png
  assets/noir_smp/textures/block/s.l.i.m.e_tex.png
  assets/noir_smp/textures/block/solemnlament.png
  assets/noir_smp/textures/block/tacocomarame.png
  assets/noir_smp/textures/block/tijolo.png
  assets/noir_smp/textures/block/vazio.png
  assets/noir_smp/textures/entities/
  assets/noir_smp/textures/entities/botas_etereas.png
  assets/noir_smp/textures/entities/buraconegro.png
  assets/noir_smp/textures/entities/guarrafaentidade.png
  assets/noir_smp/textures/entities/tijolo.png
  assets/noir_smp/textures/item/
  assets/noir_smp/textures/item/agulha_dos_pesadelos_profundos.png
  assets/noir_smp/textures/item/ancora_fero.png
  assets/noir_smp/textures/item/armadurabase_body.png
  assets/noir_smp/textures/item/armadurabase_boots.png
  assets/noir_smp/textures/item/armadurabase_head.png
  assets/noir_smp/textures/item/armadurabase_leggings.png
  assets/noir_smp/textures/item/bengala.png
  assets/noir_smp/textures/item/buraconegro.png
  assets/noir_smp/textures/item/canopvc.png
  assets/noir_smp/textures/item/dado_feural.png
  assets/noir_smp/textures/item/e.s.p.a.d.a_tex.png
  assets/noir_smp/textures/item/espeto.png
  assets/noir_smp/textures/item/garrafa.png
  assets/noir_smp/textures/item/laminatucano.png
  assets/noir_smp/textures/item/marreta.png
  assets/noir_smp/textures/item/martelo_orbital.png
  assets/noir_smp/textures/item/ninjatotex.png
  assets/noir_smp/textures/item/passos_etereos_boots.png
  assets/noir_smp/textures/item/resto.png
  assets/noir_smp/textures/item/ripa.png
  assets/noir_smp/textures/item/rolo.png
  assets/noir_smp/textures/item/s.l.i.m.e_tex.png
  assets/noir_smp/textures/item/sinos_de_marfin.png
  assets/noir_smp/textures/item/sinos_de_marfin_blue.png
  assets/noir_smp/textures/item/sinos_de_marfin_green.png
  assets/noir_smp/textures/item/sinos_de_marfin_light_gray.png
  assets/noir_smp/textures/item/sinos_de_marfin_light_yellow.png
  assets/noir_smp/textures/item/sinos_de_marfin_ocean_green.png
  assets/noir_smp/textures/item/sinos_de_marfin_orange.png
  assets/noir_smp/textures/item/sinos_de_marfin_purpura.png
  assets/noir_smp/textures/item/sinos_de_marfin_yellow.png
  assets/noir_smp/textures/item/solemnlament.png
  assets/noir_smp/textures/item/tacocomarame.png
  assets/noir_smp/textures/item/tijolo.png
  assets/noir_smp/textures/item/vazio.png
  assets/noir_smp/textures/logo.png
  assets/noir_smp/textures/logo2.png
  assets/noir_smp/textures/logolonga.png
  assets/noir_smp/textures/mob_effect/
  assets/noir_smp/textures/mob_effect/espagetificacao.png
  assets/noir_smp/textures/mob_effect/sangramento.png
  assets/noir_smp/textures/mob_effect/sangue_effect.png
  assets/noir_smp/textures/models/
  assets/noir_smp/textures/models/armor/
  assets/noir_smp/textures/models/armor/armadurabase_layer_1.png
  assets/noir_smp/textures/models/armor/armadurabase_layer_2.png
  assets/noir_smp/textures/painting/
  assets/noir_smp/textures/painting/noir_logo.png
  assets/noir_smp/textures/painting/noir_logo_longa.png
  assets/noir_smp/textures/particle/
  assets/noir_smp/textures/particle/espagetificacao.png
  assets/noir_smp/textures/particle/sangue.png
  assets/noir_smp/textures/particle/sangue_effect.png
  assets/noir_smp/textures/screens/
  assets/noir_smp/textures/screens/doppel_mask_gui.png
  assets/noir_smp/textures/screens/espadagui.png
  assets/photon/
  assets/photon/fx/
  assets/photon/fx/kokusen.fx
  data/
  data/minecraft/
  data/minecraft/tags/
  data/minecraft/tags/blocks/
  data/minecraft/tags/blocks/overworld_carver_replaceables.json
  data/minecraft/tags/items/
  data/minecraft/tags/items/axes.json
  data/minecraft/tags/items/pickaxes.json
  data/minecraft/tags/items/swords.json
  data/minecraft/tags/painting_variant/
  data/minecraft/tags/painting_variant/placeable.json
  data/noir/
  data/noir/tags/
  data/noir/tags/items/
  data/noir/tags/items/espada.json
  data/noir_smp/
  data/noir_smp/advancements/
  data/noir_smp/advancements/recipes/
  data/noir_smp/advancements/recipes/armadurabase_armor_boots_recipe.json
  data/noir_smp/advancements/recipes/armadurabase_armor_chestplate_recipe.json
  data/noir_smp/advancements/recipes/armadurabase_armor_helmet_recipe.json
  data/noir_smp/advancements/recipes/armadurabase_armor_leggings_recipe.json
  data/noir_smp/dimension/
  data/noir_smp/dimension/vazio.json
  data/noir_smp/dimension_type/
  data/noir_smp/dimension_type/vazio.json
  data/noir_smp/recipes/
  data/noir_smp/recipes/armadurabase_armor_boots_recipe.json
  data/noir_smp/recipes/armadurabase_armor_chestplate_recipe.json
  data/noir_smp/recipes/armadurabase_armor_helmet_recipe.json
  data/noir_smp/recipes/armadurabase_armor_leggings_recipe.json
  data/noir_smp/weapon_attributes/
  data/noir_smp/weapon_attributes/agulha_dos_pesadelos_profundos.json
  data/noir_smp/weapon_attributes/cano_de_metal.json
  data/noir_smp/weapon_attributes/espada.json
  data/noir_smp/weapon_attributes/espeto.json
  data/noir_smp/weapon_attributes/lamina_do_arauto_plumifero.json
  data/noir_smp/weapon_attributes/leviatan.json
  data/noir_smp/weapon_attributes/manopla_da_calamidade.json
  data/noir_smp/weapon_attributes/manopla_de_slime.json
  data/noir_smp/weapon_attributes/marreta.json
  data/noir_smp/weapon_attributes/marreta_gravitacional.json
  data/noir_smp/weapon_attributes/ninjato.json
  data/noir_smp/weapon_attributes/pedra.json
  data/noir_smp/weapon_attributes/ripa.json
  data/noir_smp/weapon_attributes/rolo.json
  data/noir_smp/weapon_attributes/slime_mace.json
  data/noir_smp/weapon_attributes/taco_com_arame.json
  logo.png
  net/
  net/mcreator/
  net/mcreator/noirsmp/
  net/mcreator/noirsmp/NoirSmpMod.class
  net/mcreator/noirsmp/client/
  net/mcreator/noirsmp/client/gui/
  net/mcreator/noirsmp/client/gui/ESPADAGUIScreen.class
  net/mcreator/noirsmp/client/model/
  net/mcreator/noirsmp/client/model/ModelBotas_Etereas_Model.class
  net/mcreator/noirsmp/client/model/ModelGarrafa.class
  net/mcreator/noirsmp/client/model/ModelTijoloProjetil.class
  net/mcreator/noirsmp/client/model/Modelburaconegro.class
  net/mcreator/noirsmp/client/model/animations/
  net/mcreator/noirsmp/client/model/animations/buraconegroAnimation.class
  net/mcreator/noirsmp/client/particle/
  net/mcreator/noirsmp/client/particle/SangueParticle$SangueParticleProvider.class
  net/mcreator/noirsmp/client/particle/SangueParticle.class
  net/mcreator/noirsmp/client/renderer/
  net/mcreator/noirsmp/client/renderer/BlackHoleOfCalamityRenderer$AnimatedModel$1.class
  net/mcreator/noirsmp/client/renderer/BlackHoleOfCalamityRenderer$AnimatedModel.class
  net/mcreator/noirsmp/client/renderer/BlackHoleOfCalamityRenderer.class
  net/mcreator/noirsmp/client/renderer/MiniBuracoNegroRenderer.class
  net/mcreator/noirsmp/client/renderer/MolotovProjectileRenderer.class
  net/mcreator/noirsmp/client/renderer/TijoloProjectileRenderer.class
  net/mcreator/noirsmp/entity/
  net/mcreator/noirsmp/entity/BlackHoleOfCalamityEntity.class
  net/mcreator/noirsmp/entity/MiniBuracoNegroEntity.class
  net/mcreator/noirsmp/entity/MolotovProjectileEntity.class
  net/mcreator/noirsmp/entity/TijoloProjectileEntity.class
  net/mcreator/noirsmp/init/
  net/mcreator/noirsmp/init/NoirSmpModEntities.class
  net/mcreator/noirsmp/init/NoirSmpModEntityRenderers.class
  net/mcreator/noirsmp/init/NoirSmpModItems.class
  net/mcreator/noirsmp/init/NoirSmpModMenus$MenuAccessor.class
  net/mcreator/noirsmp/init/NoirSmpModMenus.class
  net/mcreator/noirsmp/init/NoirSmpModMobEffects.class
  net/mcreator/noirsmp/init/NoirSmpModModels.class
  net/mcreator/noirsmp/init/NoirSmpModPaintings.class
  net/mcreator/noirsmp/init/NoirSmpModParticleTypes.class
  net/mcreator/noirsmp/init/NoirSmpModParticles.class
  net/mcreator/noirsmp/init/NoirSmpModScreens$ScreenAccessor.class
  net/mcreator/noirsmp/init/NoirSmpModScreens.class
  net/mcreator/noirsmp/init/NoirSmpModSounds.class
  net/mcreator/noirsmp/init/NoirSmpModTabs.class
  net/mcreator/noirsmp/item/
  net/mcreator/noirsmp/item/AgulhaDosPesadelosProfundosItem$1.class
  net/mcreator/noirsmp/item/AgulhaDosPesadelosProfundosItem.class
  net/mcreator/noirsmp/item/ArmaDeBuracoNegroItem.class
  net/mcreator/noirsmp/item/BengalaItem$1.class
  net/mcreator/noirsmp/item/BengalaItem.class
  net/mcreator/noirsmp/item/CanoDeMetalItem$1.class
  net/mcreator/noirsmp/item/CanoDeMetalItem.class
  net/mcreator/noirsmp/item/DadoFeuralItem.class
  net/mcreator/noirsmp/item/DoppelMaskItem.class
  net/mcreator/noirsmp/item/ESPADAItem$1.class
  net/mcreator/noirsmp/item/ESPADAItem.class
  net/mcreator/noirsmp/item/EspetoItem$1.class
  net/mcreator/noirsmp/item/EspetoItem.class
  net/mcreator/noirsmp/item/LaminaDoArautoPlumiferoItem$1.class
  net/mcreator/noirsmp/item/LaminaDoArautoPlumiferoItem.class
  net/mcreator/noirsmp/item/LeviatanItem$1.class
  net/mcreator/noirsmp/item/LeviatanItem.class
  net/mcreator/noirsmp/item/ManoplaDaCalamidadeItem$1.class
  net/mcreator/noirsmp/item/ManoplaDaCalamidadeItem.class
  net/mcreator/noirsmp/item/ManoplaDeSlimeItem$1.class
  net/mcreator/noirsmp/item/ManoplaDeSlimeItem.class
  net/mcreator/noirsmp/item/MarretaGravitacionalItem$1.class
  net/mcreator/noirsmp/item/MarretaGravitacionalItem.class
  net/mcreator/noirsmp/item/MarretaItem$1.class
  net/mcreator/noirsmp/item/MarretaItem.class
  net/mcreator/noirsmp/item/MolotovItem.class
  net/mcreator/noirsmp/item/NinjatoItem$1.class
  net/mcreator/noirsmp/item/NinjatoItem.class
  net/mcreator/noirsmp/item/PEDRAItem$1.class
  net/mcreator/noirsmp/item/PEDRAItem.class
  net/mcreator/noirsmp/item/PassosEteriosItem$1.class
  net/mcreator/noirsmp/item/PassosEteriosItem$Boots$1.class
  net/mcreator/noirsmp/item/PassosEteriosItem$Boots.class
  net/mcreator/noirsmp/item/PassosEteriosItem.class
  net/mcreator/noirsmp/item/RipaItem$1.class
  net/mcreator/noirsmp/item/RipaItem.class
  net/mcreator/noirsmp/item/RoloItem$1.class
  net/mcreator/noirsmp/item/RoloItem.class
  net/mcreator/noirsmp/item/SinoDeMarfimAquaticRespirationItem.class
  net/mcreator/noirsmp/item/SinoDeMarfimInvisibilityItem.class
  net/mcreator/noirsmp/item/SinoDeMarfimJumpBoostItem.class
  net/mcreator/noirsmp/item/SinoDeMarfimNightVisionItem.class
  net/mcreator/noirsmp/item/SinoDeMarfimRegenItem.class
  net/mcreator/noirsmp/item/SinoDeMarfimResistenceItem.class
  net/mcreator/noirsmp/item/SinoDeMarfimSlowFallingItem.class
  net/mcreator/noirsmp/item/SinoDeMarfimSpeedItem.class
  net/mcreator/noirsmp/item/SinoDeMarfimStrengthItem.class
  net/mcreator/noirsmp/item/SlimeMaceItem$1.class
  net/mcreator/noirsmp/item/SlimeMaceItem.class
  net/mcreator/noirsmp/item/TacoComArameItem$1.class
  net/mcreator/noirsmp/item/TacoComArameItem.class
  net/mcreator/noirsmp/item/TijoloItem.class
  net/mcreator/noirsmp/item/extension/
  net/mcreator/noirsmp/item/extension/MolotovArremessarItemExtension$1.class
  net/mcreator/noirsmp/item/extension/MolotovArremessarItemExtension.class
  net/mcreator/noirsmp/item/extension/TijoloArremessarItemExtension$1.class
  net/mcreator/noirsmp/item/extension/TijoloArremessarItemExtension.class
  net/mcreator/noirsmp/network/
  net/mcreator/noirsmp/network/ESPADAGUISlotMessage.class
  net/mcreator/noirsmp/network/MenuStateUpdateMessage.class
  net/mcreator/noirsmp/potion/
  net/mcreator/noirsmp/potion/EspagetificacaoMobEffect.class
  net/mcreator/noirsmp/potion/SangramentoMobEffect.class
  net/mcreator/noirsmp/procedures/
  net/mcreator/noirsmp/procedures/BuracoNegroOnEntityTickUpdateProcedure.class
  net/mcreator/noirsmp/procedures/BuraconegroblocosProcedure.class
  net/mcreator/noirsmp/procedures/DadoFeuralRightclickedProcedure.class
  net/mcreator/noirsmp/procedures/ESPADARightclickedProcedure$1.class
  net/mcreator/noirsmp/procedures/ESPADARightclickedProcedure.class
  net/mcreator/noirsmp/procedures/EspagetificacaoOnEffectActiveTickProcedure.class
  net/mcreator/noirsmp/procedures/GravityNoProcedure.class
  net/mcreator/noirsmp/procedures/GravityYesProcedure.class
  net/mcreator/noirsmp/procedures/ManoplaDaCalamidadeLivingEntityIsHitWithToolProcedure.class
  net/mcreator/noirsmp/procedures/ManoplaDeSlimeLivingEntityIsHitWithToolProcedure.class
  net/mcreator/noirsmp/procedures/MarretaGravitacionalRightclickedProcedure.class
  net/mcreator/noirsmp/procedures/MiniBuracoNegroProjectileHitsBlockProcedure.class
  net/mcreator/noirsmp/procedures/MolotovArremessarOnDispenseAttemptWithResultProcedure.class
  net/mcreator/noirsmp/procedures/MolotovProjectileProjectileHitsBlockProcedure.class
  net/mcreator/noirsmp/procedures/MolotovProjectileWhileProjectileFlyingTickProcedure.class
  net/mcreator/noirsmp/procedures/NinjatoLivingEntityIsHitWithToolProcedure.class
  net/mcreator/noirsmp/procedures/PassosEteriosBootsTickEventProcedure.class
  net/mcreator/noirsmp/procedures/RipaLivingEntityIsHitWithToolProcedure.class
  net/mcreator/noirsmp/procedures/SangramentoOnEffectActiveTickProcedure.class
  net/mcreator/noirsmp/procedures/SinoDeMarfimAquaticRespirationRightclickedProcedure.class
  net/mcreator/noirsmp/procedures/SinoDeMarfimInvisibilityRightclickedProcedure.class
  net/mcreator/noirsmp/procedures/SinoDeMarfimJumpBoostRightclickedProcedure.class
  net/mcreator/noirsmp/procedures/SinoDeMarfimNightVisionRightclickedProcedure.class
  net/mcreator/noirsmp/procedures/SinoDeMarfimRegenRightclickedProcedure.class
  net/mcreator/noirsmp/procedures/SinoDeMarfimResistenceRightclickedProcedure.class
  net/mcreator/noirsmp/procedures/SinoDeMarfimSlowFallingRightclickedProcedure.class
  net/mcreator/noirsmp/procedures/SinoDeMarfimSpeedRightclickedProcedure.class
  net/mcreator/noirsmp/procedures/SinoDeMarfimStrengthRightclickedProcedure.class
  net/mcreator/noirsmp/procedures/Slot1Procedure.class
  net/mcreator/noirsmp/procedures/Slot2Procedure.class
  net/mcreator/noirsmp/procedures/Slot3Procedure.class
  net/mcreator/noirsmp/procedures/SlotCentralProcedure.class
  net/mcreator/noirsmp/procedures/TacoComArameLivingEntityIsHitWithToolProcedure.class
  net/mcreator/noirsmp/procedures/TijoloArremessarOnDispenseAttemptWithResultProcedure.class
  net/mcreator/noirsmp/procedures/TijoloProjectileProjectileHitsBlock2Procedure.class
  net/mcreator/noirsmp/procedures/TijoloProjectileProjectileHitsBlockProcedure.class
  net/mcreator/noirsmp/world/
  net/mcreator/noirsmp/world/dimension/
  net/mcreator/noirsmp/world/dimension/VazioDimension$VazioSpecialEffectsHandler$1.class
  net/mcreator/noirsmp/world/dimension/VazioDimension$VazioSpecialEffectsHandler.class
  net/mcreator/noirsmp/world/dimension/VazioDimension.class
  net/mcreator/noirsmp/world/inventory/
  net/mcreator/noirsmp/world/inventory/ESPADAGUIMenu$1.class
  net/mcreator/noirsmp/world/inventory/ESPADAGUIMenu$2.class
  net/mcreator/noirsmp/world/inventory/ESPADAGUIMenu$3.class
  net/mcreator/noirsmp/world/inventory/ESPADAGUIMenu$4.class
  net/mcreator/noirsmp/world/inventory/ESPADAGUIMenu$5.class
  net/mcreator/noirsmp/world/inventory/ESPADAGUIMenu.class
  pack.mcmeta
